provider,entityKind,sourceId,name,idStatus,canonicalId,evidence,noteZh
s1-official,series,414,新人NO.1STYLE,verified,series_s1_414,https://s1s1s1.com/works/list/series/414,S1 官方 Series 页面。
ideapocket-official,series,1011,うちの妻を犯して下さい,verified,series_ideapocket_1011,https://ideapocket.com/works/list/series/1011,IDEAPOCKET 官方 Series 页面。
ideapocket-official,series,863,死ぬほど大嫌いな上司とまさかの相部屋に,verified,series_ideapocket_863,https://ideapocket.com/works/list/series/863,IDEAPOCKET 官方 Series 页面。
ideapocket-official,series,939,見つめる愛情イラマチオ,verified,series_ideapocket_939,https://ideapocket.com/works/list/series/939,IDEAPOCKET 官方 Series 页面。
moodyz-official,series,3519,W CAST,verified,series_moodyz_3519,https://moodyz.com/works/list/series/3519,MOODYZ 官方 Series 页面。
moodyz-official,series,3562,聖水痴女ハーレム,verified,series_moodyz_3562,https://moodyz.com/works/list/series/3562,MOODYZ 官方 Series 页面。
moodyz-official,series,3489,聖水くらぶ,verified,series_moodyz_3489,https://moodyz.com/works/list/series/3489,MOODYZ 官方 Series 页面。
madonna-official,series,1749,夫の上司に飾られた　人妻ボディアクセサリー,verified,series_madonna_1749,https://madonna-av.com/works/list/series/1749,Madonna 官方 Series 页面。
madonna-official,series,1891,廃業寸前,verified,series_madonna_1891,https://madonna-av.com/works/list/series/1891,Madonna 官方 Series 页面。
