状态,来源名称,页面分类,来源分区,来源ID,候选目标,审核决定,目标ID,审核备注,来源URL
需要人工审核,吞精,行为 (behavior),censored | uncensored,censored:u | uncensored:gre103,genre:cum_swallowing | genre:semen_swallowing,,,,https://www.javbus.com/genre/u | https://www.javbus.com/uncensored/genre/gre103
需要人工审核,貧乳・微乳,体型 (body_type) | 其他 (other),censored,censored:t | censored:jv,genre:petite_bust | genre:small_bust,,,,https://www.javbus.com/genre/t | https://www.javbus.com/genre/jv
需要人工审核,部活・マネージャー,其他 (other),censored,censored:ez,genre:club_activity | genre:manager_role,,,,https://www.javbus.com/genre/ez
需要人工审核,部下・同僚,其他 (other),censored,censored:ea,genre:subordinate | genre:colleague,,,,https://www.javbus.com/genre/ea
需要人工审核,娘・養女,其他 (other),censored,censored:e7,genre:daughter | genre:adopted_daughter,,,,https://www.javbus.com/genre/e7
需要人工审核,台湾モデル,其他 (other),censored,censored:jl,genre:model | sourceOnly:region_taiwan,,,,https://www.javbus.com/genre/jl
需要人工审核,お嬢様・令嬢,其他 (other),censored,censored:k8,genre:young_lady | genre:heiress,,,,https://www.javbus.com/genre/k8
需要人工审核,サイコ・スリラー,其他 (other),censored,censored:fa,genre:psychological | genre:thriller,,,,https://www.javbus.com/genre/fa
需要人工审核,ベスト、総集編,其他 (other),censored,censored:h2,workType:best_of | workType:compilation,,,,https://www.javbus.com/genre/h2
需要人工审核,ローション・オイル,其他 (other),censored,censored:gt,genre:lotion_play | genre:oil_play,,,,https://www.javbus.com/genre/gt
需要人工审核,花癡,主题 (theme),censored,censored:2t,genre:seductress,,,,https://www.javbus.com/genre/2t
需要人工审核,女優ベスト・総集編,主题 (theme),censored,censored:6i,workType:best_of | workType:compilation,,,,https://www.javbus.com/genre/6i
运行时歧义,手淫,行为 (behavior),uncensored,uncensored:gre090,genre:handjob | genre:masturbation,,,,https://www.javbus.com/uncensored/genre/gre090
尚未映射,側位內射,行为 (behavior),uncensored,uncensored:uc,,,,,https://www.javbus.com/uncensored/genre/uc
尚未映射,打飛機,行为 (behavior),uncensored,uncensored:gre105,,,,,https://www.javbus.com/uncensored/genre/gre105
尚未映射,打手槍,行为 (behavior),censored,censored:x,,,,,https://www.javbus.com/genre/x
尚未映射,打樁機,行为 (behavior),uncensored,uncensored:gre101,,,,,https://www.javbus.com/uncensored/genre/gre101
尚未映射,電動陽具,行为 (behavior),uncensored,uncensored:34,,,,,https://www.javbus.com/uncensored/genre/34
尚未映射,多人口交,行为 (behavior),uncensored,uncensored:gre111,,,,,https://www.javbus.com/uncensored/genre/gre111
尚未映射,二穴同入,行为 (behavior),uncensored,uncensored:gre109,,,,,https://www.javbus.com/uncensored/genre/gre109
尚未映射,翻白眼,行为 (behavior),uncensored,uncensored:12l,,,,,https://www.javbus.com/uncensored/genre/12l
尚未映射,肛内中出,行为 (behavior),censored,censored:6m,,,,,https://www.javbus.com/genre/6m
尚未映射,肛射,行为 (behavior),uncensored,uncensored:kv,,,,,https://www.javbus.com/uncensored/genre/kv
尚未映射,高潮,行为 (behavior),uncensored,uncensored:gre108,,,,,https://www.javbus.com/uncensored/genre/gre108
尚未映射,喝尿,行为 (behavior),uncensored,uncensored:14v,,,,,https://www.javbus.com/uncensored/genre/14v
尚未映射,後入,行为 (behavior),uncensored,uncensored:gre086,,,,,https://www.javbus.com/uncensored/genre/gre086
尚未映射,後入內射,行为 (behavior),uncensored,uncensored:v4,,,,,https://www.javbus.com/uncensored/genre/v4
尚未映射,精液流出,行为 (behavior),uncensored,uncensored:11p,,,,,https://www.javbus.com/uncensored/genre/11p
尚未映射,痙攣,行为 (behavior),uncensored,uncensored:gre112,,,,,https://www.javbus.com/uncensored/genre/gre112
尚未映射,口內射精,行为 (behavior),uncensored,uncensored:gre089,,,,,https://www.javbus.com/uncensored/genre/gre089
尚未映射,口射,行为 (behavior),uncensored,uncensored:gre116,,,,,https://www.javbus.com/uncensored/genre/gre116
尚未映射,濫交,行为 (behavior),censored,censored:1j,,,,,https://www.javbus.com/genre/1j
尚未映射,立即口交,行为 (behavior) | 玩法 (practice),uncensored | censored,uncensored:gre114 | censored:51,,,,,https://www.javbus.com/uncensored/genre/gre114 | https://www.javbus.com/genre/51
尚未映射,連續內射,行为 (behavior),uncensored,uncensored:gre100,,,,,https://www.javbus.com/uncensored/genre/gre100
尚未映射,亂交,行为 (behavior),uncensored,uncensored:gre093,,,,,https://www.javbus.com/uncensored/genre/gre093
尚未映射,猛烈,行为 (behavior),uncensored,uncensored:c2,,,,,https://www.javbus.com/uncensored/genre/c2
尚未映射,內射,行为 (behavior),uncensored,uncensored:gre084,,,,,https://www.javbus.com/uncensored/genre/gre084
尚未映射,內射潮吹,行为 (behavior),uncensored,uncensored:134,,,,,https://www.javbus.com/uncensored/genre/134
尚未映射,內射觀察,行为 (behavior),uncensored,uncensored:12p,,,,,https://www.javbus.com/uncensored/genre/12p
尚未映射,騎乘內射,行为 (behavior),uncensored,uncensored:141,,,,,https://www.javbus.com/uncensored/genre/141
尚未映射,騎乘位,行为 (behavior),uncensored,uncensored:gre087,,,,,https://www.javbus.com/uncensored/genre/gre087
尚未映射,騎在臉上,行为 (behavior),uncensored,uncensored:gre099,,,,,https://www.javbus.com/uncensored/genre/gre099
尚未映射,射在大腿,行为 (behavior),uncensored,uncensored:124,,,,,https://www.javbus.com/uncensored/genre/124
尚未映射,射在腹部,行为 (behavior),uncensored,uncensored:14w,,,,,https://www.javbus.com/uncensored/genre/14w
尚未映射,射在屁股,行为 (behavior),uncensored,uncensored:13a,,,,,https://www.javbus.com/uncensored/genre/13a
尚未映射,射在頭髮,行为 (behavior),uncensored,uncensored:110,,,,,https://www.javbus.com/uncensored/genre/110
尚未映射,射在外陰,行为 (behavior),uncensored,uncensored:11a,,,,,https://www.javbus.com/uncensored/genre/11a
尚未映射,射在胸部,行为 (behavior),uncensored,uncensored:11e,,,,,https://www.javbus.com/uncensored/genre/11e
尚未映射,射在衣服上,行为 (behavior),uncensored,uncensored:128,,,,,https://www.javbus.com/uncensored/genre/128
尚未映射,深膚色,行为 (behavior),uncensored,uncensored:gre097,,,,,https://www.javbus.com/uncensored/genre/gre097
尚未映射,失禁,行为 (behavior) | 其他 (other),uncensored | censored,uncensored:gre118 | censored:gb,,,,,https://www.javbus.com/uncensored/genre/gre118 | https://www.javbus.com/genre/gb
尚未映射,手指插入,行为 (behavior),censored,censored:46,,,,,https://www.javbus.com/genre/46
尚未映射,首次肛交,行为 (behavior),uncensored,uncensored:12x,,,,,https://www.javbus.com/uncensored/genre/12x
尚未映射,首次內射,行为 (behavior),uncensored,uncensored:14d,,,,,https://www.javbus.com/uncensored/genre/14d
尚未映射,剃毛,行为 (behavior),uncensored,uncensored:gre106,,,,,https://www.javbus.com/uncensored/genre/gre106
尚未映射,舔蛋蛋,行为 (behavior),uncensored,uncensored:gre115,,,,,https://www.javbus.com/uncensored/genre/gre115
尚未映射,舔肛,行为 (behavior),uncensored,uncensored:gre110,,,,,https://www.javbus.com/uncensored/genre/gre110
尚未映射,舔腳,行为 (behavior),uncensored,uncensored:13r,,,,,https://www.javbus.com/uncensored/genre/13r
尚未映射,舔陰,行为 (behavior),censored | uncensored,censored:3q | uncensored:i,,,,,https://www.javbus.com/genre/3q | https://www.javbus.com/uncensored/genre/i
尚未映射,玩弄肛門,行为 (behavior),uncensored,uncensored:gre113,,,,,https://www.javbus.com/uncensored/genre/gre113
尚未映射,吸精,行为 (behavior),uncensored,uncensored:gre096,,,,,https://www.javbus.com/uncensored/genre/gre096
尚未映射,小便,行为 (behavior),uncensored,uncensored:gre095,,,,,https://www.javbus.com/uncensored/genre/gre095
尚未映射,鴨嘴,行为 (behavior) | 玩法 (practice),uncensored | censored,uncensored:gre104 | censored:36,,,,,https://www.javbus.com/uncensored/genre/gre104 | https://www.javbus.com/genre/36
尚未映射,顏面騎乘,行为 (behavior),censored,censored:4w,,,,,https://www.javbus.com/genre/4w
尚未映射,顏射,行为 (behavior),censored | uncensored,censored:n | censored:5 | uncensored:gre088,,,,,https://www.javbus.com/genre/n | https://www.javbus.com/genre/5 | https://www.javbus.com/uncensored/genre/gre088
尚未映射,陰道擴張,行为 (behavior),uncensored,uncensored:10p,,,,,https://www.javbus.com/uncensored/genre/10p
尚未映射,陰屁,行为 (behavior),uncensored,uncensored:gre117,,,,,https://www.javbus.com/uncensored/genre/gre117
尚未映射,淫亂,行为 (behavior),uncensored,uncensored:3x,,,,,https://www.javbus.com/uncensored/genre/3x
尚未映射,早洩,行为 (behavior),uncensored,uncensored:2c,,,,,https://www.javbus.com/uncensored/genre/2c
尚未映射,站立位,行为 (behavior),uncensored,uncensored:gre107,,,,,https://www.javbus.com/uncensored/genre/gre107
尚未映射,站立姿勢,行为 (behavior),uncensored,uncensored:tc,,,,,https://www.javbus.com/uncensored/genre/tc
尚未映射,指法,行为 (behavior),uncensored,uncensored:gre098,,,,,https://www.javbus.com/uncensored/genre/gre098
尚未映射,變性者,体型 (body_type),censored,censored:2g,,,,,https://www.javbus.com/genre/2g
尚未映射,成熟的女人,体型 (body_type),censored,censored:13,,,,,https://www.javbus.com/genre/13
尚未映射,大陰蒂,体型 (body_type),uncensored,uncensored:i0,,,,,https://www.javbus.com/uncensored/genre/i0
尚未映射,多毛,体型 (body_type),uncensored,uncensored:gre077,,,,,https://www.javbus.com/uncensored/genre/gre077
尚未映射,豐滿,体型 (body_type),uncensored,uncensored:gre066,,,,,https://www.javbus.com/uncensored/genre/gre066
尚未映射,高,体型 (body_type),censored,censored:2i,,,,,https://www.javbus.com/genre/2i
尚未映射,高個子,体型 (body_type),uncensored,uncensored:gre074,,,,,https://www.javbus.com/uncensored/genre/gre074
尚未映射,黑髮,体型 (body_type),uncensored,uncensored:5g,,,,,https://www.javbus.com/uncensored/genre/5g
尚未映射,虎牙,体型 (body_type),uncensored,uncensored:17s,,,,,https://www.javbus.com/uncensored/genre/17s
尚未映射,肌肉,体型 (body_type),censored,censored:4x,,,,,https://www.javbus.com/genre/4x
尚未映射,嬌小,体型 (body_type),uncensored,uncensored:66,,,,,https://www.javbus.com/uncensored/genre/66
尚未映射,嬌小的,体型 (body_type),censored,censored:3k,,,,,https://www.javbus.com/genre/3k
尚未映射,巨大陽具,体型 (body_type),uncensored,uncensored:gre080,,,,,https://www.javbus.com/uncensored/genre/gre080
尚未映射,捲髮,体型 (body_type),uncensored,uncensored:1b4,,,,,https://www.javbus.com/uncensored/genre/1b4
尚未映射,蘿莉塔,体型 (body_type),censored,censored:w,,,,,https://www.javbus.com/genre/w
尚未映射,貓眼,体型 (body_type),uncensored,uncensored:1dd,,,,,https://www.javbus.com/uncensored/genre/1dd
尚未映射,美白,体型 (body_type),uncensored,uncensored:gre071,,,,,https://www.javbus.com/uncensored/genre/gre071
尚未映射,美肌,体型 (body_type),uncensored,uncensored:1da,,,,,https://www.javbus.com/uncensored/genre/1da
尚未映射,美穴,体型 (body_type),uncensored,uncensored:bl,,,,,https://www.javbus.com/uncensored/genre/bl
尚未映射,苗條,体型 (body_type),censored | uncensored,censored:1f | uncensored:gre067,,,,,https://www.javbus.com/genre/1f | https://www.javbus.com/uncensored/genre/gre067
尚未映射,胖女人,体型 (body_type),censored,censored:1t,,,,,https://www.javbus.com/genre/1t
尚未映射,屁股,体型 (body_type),censored | uncensored,censored:2k | uncensored:zc,,,,,https://www.javbus.com/genre/2k | https://www.javbus.com/uncensored/genre/zc
尚未映射,乳房,体型 (body_type),censored,censored:3n,,,,,https://www.javbus.com/genre/3n
尚未映射,軟體,体型 (body_type),uncensored,uncensored:gre079,,,,,https://www.javbus.com/uncensored/genre/gre079
尚未映射,曬痕,体型 (body_type),uncensored,uncensored:wy,,,,,https://www.javbus.com/uncensored/genre/wy
尚未映射,素顏,体型 (body_type),uncensored,uncensored:4s,,,,,https://www.javbus.com/uncensored/genre/4s
尚未映射,無毛,体型 (body_type),censored | uncensored,censored:22 | uncensored:gre070,,,,,https://www.javbus.com/genre/22 | https://www.javbus.com/uncensored/genre/gre070
尚未映射,小麥色,体型 (body_type),uncensored,uncensored:gz,,,,,https://www.javbus.com/uncensored/genre/gz
尚未映射,孕婦,体型 (body_type) | 角色 (role),censored | uncensored,censored:15 | uncensored:gre038,,,,,https://www.javbus.com/genre/15 | https://www.javbus.com/uncensored/genre/gre038
尚未映射,長發,体型 (body_type),uncensored,uncensored:gre081,,,,,https://www.javbus.com/uncensored/genre/gre081
尚未映射,C罩杯,体型 (body_type),uncensored,uncensored:199,,,,,https://www.javbus.com/uncensored/genre/199
尚未映射,D罩杯,体型 (body_type),uncensored,uncensored:9x,,,,,https://www.javbus.com/uncensored/genre/9x
尚未映射,E罩杯,体型 (body_type),uncensored,uncensored:3z,,,,,https://www.javbus.com/uncensored/genre/3z
尚未映射,F罩杯,体型 (body_type),uncensored,uncensored:5h,,,,,https://www.javbus.com/uncensored/genre/5h
尚未映射,G罩杯,体型 (body_type),uncensored,uncensored:gre076,,,,,https://www.javbus.com/uncensored/genre/gre076
尚未映射,H罩杯,体型 (body_type),uncensored,uncensored:gre082,,,,,https://www.javbus.com/uncensored/genre/gre082
尚未映射,I罩杯,体型 (body_type),uncensored,uncensored:mu,,,,,https://www.javbus.com/uncensored/genre/mu
尚未映射,4小時以上作品,类别 (category),censored,censored:43,,,,,https://www.javbus.com/genre/43
尚未映射,薄馬賽克,类别 (category),censored,censored:3u,,,,,https://www.javbus.com/genre/3u
尚未映射,第一人稱攝影,类别 (category),censored,censored:1g,,,,,https://www.javbus.com/genre/1g
尚未映射,獨立製作,类别 (category),censored,censored:o,,,,,https://www.javbus.com/genre/o
尚未映射,堵嘴·喜劇,类别 (category),censored,censored:7y,,,,,https://www.javbus.com/genre/7y
尚未映射,複刻版,类别 (category),censored,censored:4v,,,,,https://www.javbus.com/genre/4v
尚未映射,給女性觀眾,类别 (category),censored,censored:5t,,,,,https://www.javbus.com/genre/5t
尚未映射,故事集,类别 (category),censored,censored:54,,,,,https://www.javbus.com/genre/54
尚未映射,國外進口,类别 (category),censored,censored:2c,,,,,https://www.javbus.com/genre/2c
尚未映射,黑暗系統,类别 (category),censored,censored:85,,,,,https://www.javbus.com/genre/85
尚未映射,幻想,类别 (category) | 主题 (theme),censored | uncensored,censored:7z | uncensored:gre008,,,,,https://www.javbus.com/genre/7z | https://www.javbus.com/uncensored/genre/gre008
尚未映射,教學,类别 (category),censored,censored:5s,,,,,https://www.javbus.com/genre/5s
尚未映射,介紹影片,类别 (category),censored,censored:48,,,,,https://www.javbus.com/genre/48
尚未映射,經典,类别 (category),censored,censored:3j,,,,,https://www.javbus.com/genre/3j
尚未映射,局部特寫,类别 (category),censored,censored:s,,,,,https://www.javbus.com/genre/s
尚未映射,戀愛,类别 (category),censored,censored:4q,,,,,https://www.javbus.com/genre/4q
尚未映射,迷你係列,类别 (category),censored,censored:83,,,,,https://www.javbus.com/genre/83
尚未映射,設置項目,类别 (category),censored,censored:82,,,,,https://www.javbus.com/genre/82
尚未映射,首次亮相,类别 (category),censored,censored:33,,,,,https://www.javbus.com/genre/33
尚未映射,數位馬賽克,类别 (category),censored,censored:31,,,,,https://www.javbus.com/genre/31
尚未映射,特效,类别 (category),censored,censored:5a,,,,,https://www.javbus.com/genre/5a
尚未映射,體驗懺悔,类别 (category),censored,censored:84,,,,,https://www.javbus.com/genre/84
尚未映射,天堂TV,类别 (category),censored,censored:2j,,,,,https://www.javbus.com/genre/2j
尚未映射,為智能手機推薦垂直視頻,类别 (category),censored,censored:81,,,,,https://www.javbus.com/genre/81
尚未映射,戲劇,类别 (category),censored,censored:4u,,,,,https://www.javbus.com/genre/4u
尚未映射,限時降價,类别 (category),censored,censored:53,,,,,https://www.javbus.com/genre/53
尚未映射,性別轉型·女性化,类别 (category),censored,censored:80,,,,,https://www.javbus.com/genre/80
尚未映射,業餘,类别 (category),censored,censored:16,,,,,https://www.javbus.com/genre/16
尚未映射,主觀視角,类别 (category),censored,censored:4m,,,,,https://www.javbus.com/genre/4m
尚未映射,字幕,类别 (category) | 主题 (theme),censored | uncensored,censored:sub | uncensored:sub,,,,,https://www.javbus.com/genre/sub | https://www.javbus.com/uncensored/genre/sub
尚未映射,AV OPEN 2014 スーパーヘビー,类别 (category),censored,censored:66,,,,,https://www.javbus.com/genre/66
尚未映射,AV OPEN 2014 ヘビー級,类别 (category),censored,censored:69,,,,,https://www.javbus.com/genre/69
尚未映射,AV OPEN 2014 ミドル級,类别 (category),censored,censored:6a,,,,,https://www.javbus.com/genre/6a
尚未映射,AV OPEN 2015 女優部門,类别 (category),censored,censored:76,,,,,https://www.javbus.com/genre/76
尚未映射,AV OPEN 2015 企画部門,类别 (category),censored,censored:72,,,,,https://www.javbus.com/genre/72
尚未映射,AV OPEN 2015 熟女部門,类别 (category),censored,censored:71,,,,,https://www.javbus.com/genre/71
尚未映射,AV OPEN 2015 素人部門,类别 (category),censored,censored:74,,,,,https://www.javbus.com/genre/74
尚未映射,AV OPEN 2015 乙女部門,类别 (category),censored,censored:73,,,,,https://www.javbus.com/genre/73
尚未映射,AV OPEN 2015 SM/ハード部門,类别 (category),censored,censored:75,,,,,https://www.javbus.com/genre/75
尚未映射,AV OPEN 2015 マニア/フェチ部門,类别 (category),censored,censored:70,,,,,https://www.javbus.com/genre/70
尚未映射,AVOPEN2016女優部門,类别 (category),censored,censored:7p,,,,,https://www.javbus.com/genre/7p
尚未映射,AVOPEN2016企画部門,类别 (category),censored,censored:7l,,,,,https://www.javbus.com/genre/7l
尚未映射,AVOPEN2016人妻・熟女部門,类别 (category),censored,censored:7k,,,,,https://www.javbus.com/genre/7k
尚未映射,AVOPEN2016素人部門,类别 (category),censored,censored:7r,,,,,https://www.javbus.com/genre/7r
尚未映射,AVOPEN2016乙女部門,类别 (category),censored,censored:7o,,,,,https://www.javbus.com/genre/7o
尚未映射,AVOPEN2016ドラマ・ドキュメンタリー部門,类别 (category),censored,censored:7q,,,,,https://www.javbus.com/genre/7q
尚未映射,AVOPEN2016ハード部門,类别 (category),censored,censored:7m,,,,,https://www.javbus.com/genre/7m
尚未映射,AVOPEN2016バラエティ部門,类别 (category),censored,censored:7s,,,,,https://www.javbus.com/genre/7s
尚未映射,AVOPEN2016マニア・フェチ部門,类别 (category),censored,censored:7n,,,,,https://www.javbus.com/genre/7n
尚未映射,DMM獨家,类别 (category),censored,censored:g,,,,,https://www.javbus.com/genre/g
尚未映射,DMM專屬,类别 (category),censored,censored:5q,,,,,https://www.javbus.com/genre/5q
尚未映射,DVD多士爐,类别 (category),censored,censored:4g,,,,,https://www.javbus.com/genre/4g
尚未映射,不穿內褲,服装 (clothing),uncensored,uncensored:cd,,,,,https://www.javbus.com/uncensored/genre/cd
尚未映射,不戴胸罩,服装 (clothing),uncensored,uncensored:ce,,,,,https://www.javbus.com/uncensored/genre/ce
尚未映射,打底褲,服装 (clothing),uncensored,uncensored:17y,,,,,https://www.javbus.com/uncensored/genre/17y
尚未映射,大衣,服装 (clothing),uncensored,uncensored:88,,,,,https://www.javbus.com/uncensored/genre/88
尚未映射,丁字褲,服装 (clothing),uncensored,uncensored:gre062,,,,,https://www.javbus.com/uncensored/genre/gre062
尚未映射,短褲,服装 (clothing),uncensored,uncensored:17i,,,,,https://www.javbus.com/uncensored/genre/17i
尚未映射,哥德蘿莉,服装 (clothing),censored,censored:6b,,,,,https://www.javbus.com/genre/6b
尚未映射,和服・喪服,服装 (clothing),censored,censored:12,,,,,https://www.javbus.com/genre/12
尚未映射,混血,服装 (clothing),uncensored,uncensored:1dp,,,,,https://www.javbus.com/uncensored/genre/1dp
尚未映射,及膝襪,服装 (clothing),censored,censored:5c,,,,,https://www.javbus.com/genre/5c
尚未映射,極小比基尼,服装 (clothing),uncensored,uncensored:hm,,,,,https://www.javbus.com/uncensored/genre/hm
尚未映射,緊身衣,服装 (clothing),censored | uncensored,censored:3a | uncensored:jg,,,,,https://www.javbus.com/genre/3a | https://www.javbus.com/uncensored/genre/jg
尚未映射,頸鏈,服装 (clothing),uncensored,uncensored:1bu,,,,,https://www.javbus.com/uncensored/genre/1bu
尚未映射,客人,服装 (clothing),uncensored,uncensored:qm,,,,,https://www.javbus.com/uncensored/genre/qm
尚未映射,空中小姐,服装 (clothing) | 角色 (role),censored | uncensored,censored:2l | uncensored:gre048,,,,,https://www.javbus.com/genre/2l | https://www.javbus.com/uncensored/genre/gre048
尚未映射,連褲襪,服装 (clothing),censored | uncensored,censored:28 | uncensored:gre050,,,,,https://www.javbus.com/genre/28 | https://www.javbus.com/uncensored/genre/gre050
尚未映射,連衣裙,服装 (clothing),uncensored,uncensored:16w,,,,,https://www.javbus.com/uncensored/genre/16w
尚未映射,裸體襪子,服装 (clothing),uncensored,uncensored:1di,,,,,https://www.javbus.com/uncensored/genre/1di
尚未映射,裸體圍裙,服装 (clothing),censored,censored:2s,,,,,https://www.javbus.com/genre/2s
尚未映射,貓耳女,服装 (clothing),censored,censored:4n,,,,,https://www.javbus.com/genre/4n
尚未映射,毛衣,服装 (clothing),uncensored,uncensored:vx,,,,,https://www.javbus.com/uncensored/genre/vx
尚未映射,美人,服装 (clothing),uncensored,uncensored:gre049,,,,,https://www.javbus.com/uncensored/genre/gre049
尚未映射,迷你裙警察,服装 (clothing),censored,censored:2m,,,,,https://www.javbus.com/genre/2m
尚未映射,面具,服装 (clothing),uncensored,uncensored:f7,,,,,https://www.javbus.com/uncensored/genre/f7
尚未映射,男装,服装 (clothing),uncensored,uncensored:gre156,,,,,https://www.javbus.com/uncensored/genre/gre156
尚未映射,內衣,服装 (clothing),censored | uncensored,censored:50 | censored:v | uncensored:5x,,,,,https://www.javbus.com/genre/50 | https://www.javbus.com/genre/v | https://www.javbus.com/uncensored/genre/5x
尚未映射,牛仔褲,服装 (clothing),uncensored,uncensored:17h,,,,,https://www.javbus.com/uncensored/genre/17h
尚未映射,女祭司,服装 (clothing),censored,censored:4k,,,,,https://www.javbus.com/genre/4k
尚未映射,女傭,服装 (clothing),censored,censored:j,,,,,https://www.javbus.com/genre/j
尚未映射,女戰士,服装 (clothing),censored,censored:5h,,,,,https://www.javbus.com/genre/5h
尚未映射,女裝人妖,服装 (clothing),censored,censored:55,,,,,https://www.javbus.com/genre/55
尚未映射,泡泡襪,服装 (clothing),censored,censored:4i,,,,,https://www.javbus.com/genre/4i
尚未映射,情趣內衣,服装 (clothing),uncensored,uncensored:gre058,,,,,https://www.javbus.com/uncensored/genre/gre058
尚未映射,裙子,服装 (clothing),uncensored,uncensored:gre051,,,,,https://www.javbus.com/uncensored/genre/gre051
尚未映射,身體意識,服装 (clothing),censored,censored:1w,,,,,https://www.javbus.com/genre/1w
尚未映射,睡衣,服装 (clothing),uncensored,uncensored:14,,,,,https://www.javbus.com/uncensored/genre/14
尚未映射,絲帶,服装 (clothing),uncensored,uncensored:wz,,,,,https://www.javbus.com/uncensored/genre/wz
尚未映射,套裝,服装 (clothing),uncensored,uncensored:gre060,,,,,https://www.javbus.com/uncensored/genre/gre060
尚未映射,體育服,服装 (clothing),censored,censored:y,,,,,https://www.javbus.com/genre/y
尚未映射,娃娃,服装 (clothing),censored,censored:5b,,,,,https://www.javbus.com/genre/5b
尚未映射,襪,服装 (clothing),uncensored,uncensored:gre157,,,,,https://www.javbus.com/uncensored/genre/gre157
尚未映射,晚禮服,服装 (clothing),uncensored,uncensored:f8,,,,,https://www.javbus.com/uncensored/genre/f8
尚未映射,網襪,服装 (clothing),uncensored,uncensored:gre054,,,,,https://www.javbus.com/uncensored/genre/gre054
尚未映射,圍裙,服装 (clothing),uncensored,uncensored:gre056,,,,,https://www.javbus.com/uncensored/genre/gre056
尚未映射,猥褻穿著,服装 (clothing),censored,censored:4z,,,,,https://www.javbus.com/genre/4z
尚未映射,休閒裝,服装 (clothing),uncensored,uncensored:19t,,,,,https://www.javbus.com/uncensored/genre/19t
尚未映射,學校泳裝,服装 (clothing),censored,censored:l,,,,,https://www.javbus.com/genre/l
尚未映射,眼罩,服装 (clothing),uncensored,uncensored:gre055,,,,,https://www.javbus.com/uncensored/genre/gre055
尚未映射,陽具腰帶,服装 (clothing),uncensored,uncensored:gre063,,,,,https://www.javbus.com/uncensored/genre/gre063
尚未映射,泳衣,服装 (clothing),uncensored,uncensored:gre053,,,,,https://www.javbus.com/uncensored/genre/gre053
尚未映射,泳裝,服装 (clothing),censored,censored:9,,,,,https://www.javbus.com/genre/9
尚未映射,浴衣和服,服装 (clothing),uncensored,uncensored:gre052,,,,,https://www.javbus.com/uncensored/genre/gre052
尚未映射,治癒系,服装 (clothing),uncensored,uncensored:ab,,,,,https://www.javbus.com/uncensored/genre/ab
尚未映射,1080p,其他 (other),uncensored,uncensored:1j,,,,,https://www.javbus.com/uncensored/genre/1j
尚未映射,10代,其他 (other),uncensored,uncensored:1x,,,,,https://www.javbus.com/uncensored/genre/1x
尚未映射,4K,其他 (other),censored,censored:fd,,,,,https://www.javbus.com/genre/fd
尚未映射,60fps,其他 (other),uncensored,uncensored:1k,,,,,https://www.javbus.com/uncensored/genre/1k
尚未映射,8KVR,其他 (other),censored,censored:jb,,,,,https://www.javbus.com/genre/jb
尚未映射,白天,其他 (other),uncensored,uncensored:gre142,,,,,https://www.javbus.com/uncensored/genre/gre142
尚未映射,筆おろし,其他 (other),censored,censored:fn,,,,,https://www.javbus.com/genre/fn
尚未映射,茶髪,其他 (other),censored,censored:iz | censored:k3,,,,,https://www.javbus.com/genre/iz | https://www.javbus.com/genre/k3
尚未映射,超VIP,其他 (other),uncensored,uncensored:1f,,,,,https://www.javbus.com/uncensored/genre/1f
尚未映射,電車、バス,其他 (other),censored,censored:ho,,,,,https://www.javbus.com/genre/ho
尚未映射,動漫,其他 (other),uncensored,uncensored:gre165,,,,,https://www.javbus.com/uncensored/genre/gre165
尚未映射,獨佔動畫,其他 (other),uncensored,uncensored:2a,,,,,https://www.javbus.com/uncensored/genre/2a
尚未映射,多人数,其他 (other),censored,censored:j7,,,,,https://www.javbus.com/genre/j7
尚未映射,放尿・失禁,其他 (other),censored,censored:i2,,,,,https://www.javbus.com/genre/i2
尚未映射,放置,其他 (other),censored,censored:f8,,,,,https://www.javbus.com/genre/f8
尚未映射,非貫通,其他 (other),censored,censored:ge,,,,,https://www.javbus.com/genre/ge
尚未映射,風格出眾,其他 (other),uncensored,uncensored:3y,,,,,https://www.javbus.com/uncensored/genre/3y
尚未映射,風俗,其他 (other),censored,censored:gl,,,,,https://www.javbus.com/genre/gl
尚未映射,福袋,其他 (other),censored,censored:fe,,,,,https://www.javbus.com/genre/fe
尚未映射,個人撮影,其他 (other),censored,censored:kb,,,,,https://www.javbus.com/genre/kb
尚未映射,更衣室,其他 (other),uncensored,uncensored:178,,,,,https://www.javbus.com/uncensored/genre/178
尚未映射,官能小説,其他 (other),censored,censored:gi,,,,,https://www.javbus.com/genre/gi
尚未映射,黒髪,其他 (other),censored,censored:iw | censored:k0,,,,,https://www.javbus.com/genre/iw | https://www.javbus.com/genre/k0
尚未映射,健康診断,其他 (other),censored,censored:hp,,,,,https://www.javbus.com/genre/hp
尚未映射,脚コキ,其他 (other),censored,censored:gp,,,,,https://www.javbus.com/genre/gp
尚未映射,教師,其他 (other) | 角色 (role),censored | uncensored,censored:hm | uncensored:gre030,,,,,https://www.javbus.com/genre/hm | https://www.javbus.com/uncensored/genre/gre030
尚未映射,介護,其他 (other),censored,censored:j4,,,,,https://www.javbus.com/genre/j4
尚未映射,金髪,其他 (other),censored,censored:iy | censored:k2,,,,,https://www.javbus.com/genre/iy | https://www.javbus.com/genre/k2
尚未映射,金髪・ブロンド,其他 (other),censored,censored:j2,,,,,https://www.javbus.com/genre/j2
尚未映射,近●相●,其他 (other),censored,censored:ji,,,,,https://www.javbus.com/genre/ji
尚未映射,尻,其他 (other),censored,censored:hg,,,,,https://www.javbus.com/genre/hg
尚未映射,六十路,其他 (other),censored,censored:ie,,,,,https://www.javbus.com/genre/ie
尚未映射,美女,其他 (other),censored,censored:je,,,,,https://www.javbus.com/genre/je
尚未映射,美熟女,其他 (other),censored,censored:ik,,,,,https://www.javbus.com/genre/ik
尚未映射,母親,其他 (other) | 角色 (role),censored,censored:hk | censored:1k,,,,,https://www.javbus.com/genre/hk | https://www.javbus.com/genre/1k
尚未映射,目隠し,其他 (other),censored,censored:ic,,,,,https://www.javbus.com/genre/ic
尚未映射,逆ナンパ,其他 (other),censored,censored:fx,,,,,https://www.javbus.com/genre/fx
尚未映射,逆レイプ,其他 (other),censored,censored:ev,,,,,https://www.javbus.com/genre/ev
尚未映射,女上司,其他 (other),censored,censored:eg,,,,,https://www.javbus.com/genre/eg
尚未映射,女子高生,其他 (other),censored,censored:j0,,,,,https://www.javbus.com/genre/j0
尚未映射,配信専用,其他 (other),censored,censored:gh,,,,,https://www.javbus.com/genre/gh
尚未映射,配信専用素人,其他 (other),censored,censored:jk,,,,,https://www.javbus.com/genre/jk
尚未映射,期間限定販売,其他 (other),censored,censored:j6,,,,,https://www.javbus.com/genre/j6
尚未映射,企劃物,其他 (other),uncensored,uncensored:1z,,,,,https://www.javbus.com/uncensored/genre/1z
尚未映射,寝取り･寝取られ,其他 (other),censored,censored:is,,,,,https://www.javbus.com/genre/is
尚未映射,清楚,其他 (other),censored,censored:i6 | censored:jo,,,,,https://www.javbus.com/genre/i6 | https://www.javbus.com/genre/jo
尚未映射,人氣系列,其他 (other),uncensored,uncensored:2d,,,,,https://www.javbus.com/uncensored/genre/2d
尚未映射,三十路,其他 (other),censored,censored:hz,,,,,https://www.javbus.com/genre/hz
尚未映射,生挿入,其他 (other),censored,censored:gk,,,,,https://www.javbus.com/genre/gk
尚未映射,手マン,其他 (other),censored,censored:im,,,,,https://www.javbus.com/genre/im
尚未映射,首次作品,其他 (other),uncensored,uncensored:40,,,,,https://www.javbus.com/uncensored/genre/40
尚未映射,書籍版,其他 (other),censored,censored:g3,,,,,https://www.javbus.com/genre/g3
尚未映射,四十路,其他 (other),censored,censored:i7,,,,,https://www.javbus.com/genre/i7
尚未映射,湯,其他 (other),censored,censored:hl,,,,,https://www.javbus.com/genre/hl
尚未映射,童貞モノ,其他 (other),censored,censored:ha,,,,,https://www.javbus.com/genre/ha
尚未映射,外国人,其他 (other),censored,censored:gm | censored:k6,,,,,https://www.javbus.com/genre/gm | https://www.javbus.com/genre/k6
尚未映射,玩具責め,其他 (other),censored,censored:ff,,,,,https://www.javbus.com/genre/ff
尚未映射,妄想族,其他 (other),censored,censored:f5,,,,,https://www.javbus.com/genre/f5
尚未映射,五十路,其他 (other),censored,censored:i3,,,,,https://www.javbus.com/genre/i3
尚未映射,下午,其他 (other),uncensored,uncensored:io,,,,,https://www.javbus.com/uncensored/genre/io
尚未映射,写真集,其他 (other),censored,censored:g2,,,,,https://www.javbus.com/genre/g2
尚未映射,性教育,其他 (other),censored,censored:ip,,,,,https://www.javbus.com/genre/ip
尚未映射,羞恥・辱め,其他 (other),censored,censored:i0,,,,,https://www.javbus.com/genre/i0
尚未映射,顔面騎乗位,其他 (other),censored,censored:gv,,,,,https://www.javbus.com/genre/gv
尚未映射,野球拳,其他 (other),censored,censored:hq,,,,,https://www.javbus.com/genre/hq
尚未映射,椅子,其他 (other),uncensored,uncensored:102,,,,,https://www.javbus.com/uncensored/genre/102
尚未映射,淫語責め,其他 (other),censored,censored:gn,,,,,https://www.javbus.com/genre/gn
尚未映射,淫語モノ,其他 (other),censored,censored:if,,,,,https://www.javbus.com/genre/if
尚未映射,着物・浴衣,其他 (other),censored,censored:i5,,,,,https://www.javbus.com/genre/i5
尚未映射,総集編・ベスト,其他 (other),censored,censored:jh,,,,,https://www.javbus.com/genre/jh
尚未映射,最佳合集,其他 (other),uncensored,uncensored:gre143,,,,,https://www.javbus.com/uncensored/genre/gre143
尚未映射,AI生成作品,其他 (other),censored,censored:ka,,,,,https://www.javbus.com/genre/ka
尚未映射,CD,其他 (other),censored,censored:gj,,,,,https://www.javbus.com/genre/gj
尚未映射,Dカップ,其他 (other),censored,censored:ij,,,,,https://www.javbus.com/genre/ij
尚未映射,Eカップ,其他 (other),censored,censored:it,,,,,https://www.javbus.com/genre/it
尚未映射,Fカップ,其他 (other),censored,censored:iu,,,,,https://www.javbus.com/genre/iu
尚未映射,Gカップ,其他 (other),censored,censored:ib,,,,,https://www.javbus.com/genre/ib
尚未映射,HowTo,其他 (other),censored,censored:iq,,,,,https://www.javbus.com/genre/iq
尚未映射,Hカップ,其他 (other),censored,censored:j5,,,,,https://www.javbus.com/genre/j5
尚未映射,KTV,其他 (other),uncensored,uncensored:1dg,,,,,https://www.javbus.com/uncensored/genre/1dg
尚未映射,M女,其他 (other),censored,censored:el,,,,,https://www.javbus.com/genre/el
尚未映射,MGS限定特典映像,其他 (other),censored,censored:ir,,,,,https://www.javbus.com/genre/ir
尚未映射,MGSだけの特典映像付,其他 (other),censored,censored:jf,,,,,https://www.javbus.com/genre/jf
尚未映射,PICKUP素人,其他 (other),censored,censored:j9,,,,,https://www.javbus.com/genre/j9
尚未映射,SM拘束,其他 (other),censored,censored:g4,,,,,https://www.javbus.com/genre/g4
尚未映射,Tシャツ,其他 (other),censored,censored:ga,,,,,https://www.javbus.com/genre/ga
尚未映射,VIP,其他 (other),uncensored,uncensored:16,,,,,https://www.javbus.com/uncensored/genre/16
尚未映射,アナルセックス（男の娘）,其他 (other),censored,censored:kc,,,,,https://www.javbus.com/genre/kc
尚未映射,アナルファック,其他 (other),censored,censored:go,,,,,https://www.javbus.com/genre/go
尚未映射,エステ・マッサージ,其他 (other),censored,censored:ia,,,,,https://www.javbus.com/genre/ia
尚未映射,エマニエル,其他 (other),censored,censored:f4,,,,,https://www.javbus.com/genre/f4
尚未映射,お掃除フェラ,其他 (other),censored,censored:fl,,,,,https://www.javbus.com/genre/fl
尚未映射,オイル・ローション,其他 (other),censored,censored:ja,,,,,https://www.javbus.com/genre/ja
尚未映射,オイルプレイ,其他 (other),censored,censored:gq,,,,,https://www.javbus.com/genre/gq
尚未映射,オナホール,其他 (other),censored,censored:gc,,,,,https://www.javbus.com/genre/gc
尚未映射,カップホール,其他 (other),censored,censored:gd,,,,,https://www.javbus.com/genre/gd
尚未映射,グッズ,其他 (other),censored,censored:g9,,,,,https://www.javbus.com/genre/g9
尚未映射,くびれ,其他 (other),censored,censored:jy,,,,,https://www.javbus.com/genre/jy
尚未映射,ショートカット,其他 (other),censored,censored:jm,,,,,https://www.javbus.com/genre/jm
尚未映射,ショートヘア,其他 (other),censored,censored:ix,,,,,https://www.javbus.com/genre/ix
尚未映射,ショートヘアー,其他 (other),censored,censored:i4 | censored:k7,,,,,https://www.javbus.com/genre/i4 | https://www.javbus.com/genre/k7
尚未映射,スチュワーデス・CA,其他 (other),censored,censored:ii,,,,,https://www.javbus.com/genre/ii
尚未映射,ソープ,其他 (other),censored,censored:ht,,,,,https://www.javbus.com/genre/ht
尚未映射,チラリズム,其他 (other),censored,censored:g1,,,,,https://www.javbus.com/genre/g1
尚未映射,デカチン,其他 (other),censored,censored:gx,,,,,https://www.javbus.com/genre/gx
尚未映射,デリヘル,其他 (other),censored,censored:h8,,,,,https://www.javbus.com/genre/h8
尚未映射,ドラッグ・媚薬,其他 (other),censored,censored:id,,,,,https://www.javbus.com/genre/id
尚未映射,ドリンク,其他 (other),censored,censored:hx,,,,,https://www.javbus.com/genre/hx
尚未映射,ハーフ,其他 (other),censored,censored:j1,,,,,https://www.javbus.com/genre/j1
尚未映射,ハイビジョン(HD),其他 (other),censored,censored:jj,,,,,https://www.javbus.com/genre/jj
尚未映射,パンストモノ,其他 (other),censored,censored:in,,,,,https://www.javbus.com/genre/in
尚未映射,パンチラモノ,其他 (other),censored,censored:i1,,,,,https://www.javbus.com/genre/i1
尚未映射,フェラモノ,其他 (other),censored,censored:io,,,,,https://www.javbus.com/genre/io
尚未映射,プレステージ20周年特別企画,其他 (other),censored,censored:jc,,,,,https://www.javbus.com/genre/jc
尚未映射,ホテヘル,其他 (other),censored,censored:hc,,,,,https://www.javbus.com/genre/hc
尚未映射,マジックミラー号,其他 (other),censored,censored:h3,,,,,https://www.javbus.com/genre/h3
尚未映射,ミディアムヘアー,其他 (other),censored,censored:k9,,,,,https://www.javbus.com/genre/k9
尚未映射,メガネ,其他 (other),censored,censored:hv,,,,,https://www.javbus.com/genre/hv
尚未映射,ローション付き,其他 (other),censored,censored:gf,,,,,https://www.javbus.com/genre/gf
尚未映射,ロリータ,其他 (other),censored,censored:he,,,,,https://www.javbus.com/genre/he
尚未映射,ロングヘアー,其他 (other),censored,censored:iv | censored:k5,,,,,https://www.javbus.com/genre/iv | https://www.javbus.com/genre/k5
尚未映射,按摩棒,玩法 (practice),censored,censored:6,,,,,https://www.javbus.com/genre/6
尚未映射,綁縛,玩法 (practice),uncensored,uncensored:gre134,,,,,https://www.javbus.com/uncensored/genre/gre134
尚未映射,暴露,玩法 (practice),uncensored,uncensored:we,,,,,https://www.javbus.com/uncensored/genre/we
尚未映射,鞭打,玩法 (practice),uncensored,uncensored:15z,,,,,https://www.javbus.com/uncensored/genre/15z
尚未映射,便利店,玩法 (practice),uncensored,uncensored:rk,,,,,https://www.javbus.com/uncensored/genre/rk
尚未映射,變態遊戲,玩法 (practice),uncensored,uncensored:wo,,,,,https://www.javbus.com/uncensored/genre/wo
尚未映射,踩踏,玩法 (practice),uncensored,uncensored:gre141,,,,,https://www.javbus.com/uncensored/genre/gre141
尚未映射,插兩根,玩法 (practice),uncensored,uncensored:11l,,,,,https://www.javbus.com/uncensored/genre/11l
尚未映射,插入異物,玩法 (practice),censored,censored:3h,,,,,https://www.javbus.com/genre/3h
尚未映射,車震,玩法 (practice),uncensored,uncensored:2g,,,,,https://www.javbus.com/uncensored/genre/2g
尚未映射,扯破連褲襪,玩法 (practice),uncensored,uncensored:117,,,,,https://www.javbus.com/uncensored/genre/117
尚未映射,搭訕,玩法 (practice),uncensored,uncensored:w,,,,,https://www.javbus.com/uncensored/genre/w
尚未映射,大便,玩法 (practice),uncensored,uncensored:10q,,,,,https://www.javbus.com/uncensored/genre/10q
尚未映射,電動按摩器,玩法 (practice),uncensored,uncensored:gre120,,,,,https://www.javbus.com/uncensored/genre/gre120
尚未映射,電話,玩法 (practice),uncensored,uncensored:gre137,,,,,https://www.javbus.com/uncensored/genre/gre137
尚未映射,電鑽,玩法 (practice),uncensored,uncensored:12u,,,,,https://www.javbus.com/uncensored/genre/12u
尚未映射,多P,玩法 (practice),censored | uncensored,censored:3 | uncensored:gre126,,,,,https://www.javbus.com/genre/3 | https://www.javbus.com/uncensored/genre/gre126
尚未映射,惡作劇,玩法 (practice) | 主题 (theme),uncensored | censored,uncensored:m3 | censored:3v,,,,,https://www.javbus.com/uncensored/genre/m3 | https://www.javbus.com/genre/3v
尚未映射,糞便,玩法 (practice),censored,censored:1a,,,,,https://www.javbus.com/genre/1a
尚未映射,肛門,玩法 (practice),uncensored,uncensored:gre124,,,,,https://www.javbus.com/uncensored/genre/gre124
尚未映射,公寓,玩法 (practice),uncensored,uncensored:gre138,,,,,https://www.javbus.com/uncensored/genre/gre138
尚未映射,灌腸,玩法 (practice),censored | uncensored,censored:2u | uncensored:10w,,,,,https://www.javbus.com/genre/2u | https://www.javbus.com/uncensored/genre/10w
尚未映射,灌入精液,玩法 (practice),uncensored,uncensored:gre132,,,,,https://www.javbus.com/uncensored/genre/gre132
尚未映射,喝口水,玩法 (practice),uncensored,uncensored:1cv,,,,,https://www.javbus.com/uncensored/genre/1cv
尚未映射,假陽具,玩法 (practice),censored | uncensored,censored:5y | uncensored:62,,,,,https://www.javbus.com/genre/5y | https://www.javbus.com/uncensored/genre/62
尚未映射,紧缚,玩法 (practice),censored,censored:1q,,,,,https://www.javbus.com/genre/1q
尚未映射,經期,玩法 (practice),uncensored,uncensored:1b8,,,,,https://www.javbus.com/uncensored/genre/1b8
尚未映射,精液塗抹,玩法 (practice),uncensored,uncensored:11s,,,,,https://www.javbus.com/uncensored/genre/11s
尚未映射,開口器,玩法 (practice),uncensored,uncensored:125,,,,,https://www.javbus.com/uncensored/genre/125
尚未映射,蠟燭,玩法 (practice),uncensored,uncensored:161,,,,,https://www.javbus.com/uncensored/genre/161
尚未映射,亂搞,玩法 (practice),uncensored,uncensored:kr,,,,,https://www.javbus.com/uncensored/genre/kr
尚未映射,摩擦,玩法 (practice),uncensored,uncensored:b6,,,,,https://www.javbus.com/uncensored/genre/b6
尚未映射,逆強姦,玩法 (practice),censored,censored:63,,,,,https://www.javbus.com/genre/63
尚未映射,奴役,玩法 (practice),uncensored,uncensored:28,,,,,https://www.javbus.com/uncensored/genre/28
尚未映射,女體盛,玩法 (practice),uncensored,uncensored:14l,,,,,https://www.javbus.com/uncensored/genre/14l
尚未映射,女優按摩棒,玩法 (practice),censored,censored:4f,,,,,https://www.javbus.com/genre/4f
尚未映射,汽車性愛,玩法 (practice),censored,censored:1h,,,,,https://www.javbus.com/genre/1h
尚未映射,乳液,玩法 (practice),censored,censored:3z,,,,,https://www.javbus.com/genre/3z
尚未映射,潤滑劑,玩法 (practice),uncensored,uncensored:gre127,,,,,https://www.javbus.com/uncensored/genre/gre127
尚未映射,潤滑油,玩法 (practice),uncensored,uncensored:1c2,,,,,https://www.javbus.com/uncensored/genre/1c2
尚未映射,散步,玩法 (practice),uncensored,uncensored:iz,,,,,https://www.javbus.com/uncensored/genre/iz
尚未映射,攝影,玩法 (practice),uncensored,uncensored:gre128,,,,,https://www.javbus.com/uncensored/genre/gre128
尚未映射,繩子,玩法 (practice),uncensored,uncensored:sl,,,,,https://www.javbus.com/uncensored/genre/sl
尚未映射,手銬,玩法 (practice),uncensored,uncensored:zk,,,,,https://www.javbus.com/uncensored/genre/zk
尚未映射,受虐,玩法 (practice),uncensored,uncensored:gre133,,,,,https://www.javbus.com/uncensored/genre/gre133
尚未映射,束縛,玩法 (practice),uncensored,uncensored:22,,,,,https://www.javbus.com/uncensored/genre/22
尚未映射,舔耳朵,玩法 (practice),uncensored,uncensored:12a,,,,,https://www.javbus.com/uncensored/genre/12a
尚未映射,偷窺,玩法 (practice),uncensored,uncensored:gre140,,,,,https://www.javbus.com/uncensored/genre/gre140
尚未映射,偷拍,玩法 (practice),uncensored,uncensored:gre135,,,,,https://www.javbus.com/uncensored/genre/gre135
尚未映射,無套,玩法 (practice),uncensored,uncensored:gre164,,,,,https://www.javbus.com/uncensored/genre/gre164
尚未映射,項圈,玩法 (practice),uncensored,uncensored:yk,,,,,https://www.javbus.com/uncensored/genre/yk
尚未映射,性愛,玩法 (practice),censored,censored:5m,,,,,https://www.javbus.com/genre/5m
尚未映射,懸掛,玩法 (practice),uncensored,uncensored:11i,,,,,https://www.javbus.com/uncensored/genre/11i
尚未映射,藥物,玩法 (practice),censored,censored:1l,,,,,https://www.javbus.com/genre/1l
尚未映射,異物插入,玩法 (practice),uncensored,uncensored:gre136,,,,,https://www.javbus.com/uncensored/genre/gre136
尚未映射,陰道放入食物,玩法 (practice),uncensored,uncensored:122,,,,,https://www.javbus.com/uncensored/genre/122
尚未映射,陰道觀察,玩法 (practice),uncensored,uncensored:gre130,,,,,https://www.javbus.com/uncensored/genre/gre130
尚未映射,遠程操作,玩法 (practice),uncensored,uncensored:gre139,,,,,https://www.javbus.com/uncensored/genre/gre139
尚未映射,振動,玩法 (practice),uncensored,uncensored:6,,,,,https://www.javbus.com/uncensored/genre/6
尚未映射,注視,玩法 (practice),uncensored,uncensored:8e,,,,,https://www.javbus.com/uncensored/genre/8e
尚未映射,子宮頸,玩法 (practice),censored,censored:4c,,,,,https://www.javbus.com/genre/4c
尚未映射,白領,角色 (role),uncensored,uncensored:18,,,,,https://www.javbus.com/uncensored/genre/18
尚未映射,白人,角色 (role),censored | uncensored,censored:2a | uncensored:gre163,,,,,https://www.javbus.com/genre/2a | https://www.javbus.com/uncensored/genre/gre163
尚未映射,伴侶,角色 (role),censored,censored:58,,,,,https://www.javbus.com/genre/58
尚未映射,保健室,角色 (role),uncensored,uncensored:r5,,,,,https://www.javbus.com/uncensored/genre/r5
尚未映射,播音員,角色 (role),uncensored,uncensored:12r,,,,,https://www.javbus.com/uncensored/genre/12r
尚未映射,超級女英雄,角色 (role),censored,censored:6f,,,,,https://www.javbus.com/genre/6f
尚未映射,車掌小姐,角色 (role),censored,censored:2o,,,,,https://www.javbus.com/genre/2o
尚未映射,大學生,角色 (role),uncensored,uncensored:5d,,,,,https://www.javbus.com/uncensored/genre/5d
尚未映射,蕩婦,角色 (role),censored,censored:10,,,,,https://www.javbus.com/genre/10
尚未映射,動畫人物,角色 (role),censored,censored:64,,,,,https://www.javbus.com/genre/64
尚未映射,兒子,角色 (role),uncensored,uncensored:wc,,,,,https://www.javbus.com/uncensored/genre/wc
尚未映射,夫婦,角色 (role),uncensored,uncensored:bm,,,,,https://www.javbus.com/uncensored/genre/bm
尚未映射,服務生,角色 (role),censored,censored:7,,,,,https://www.javbus.com/genre/7
尚未映射,高中女生,角色 (role),censored,censored:b,,,,,https://www.javbus.com/genre/b
尚未映射,格鬥家,角色 (role),censored,censored:4h | censored:2q,,,,,https://www.javbus.com/genre/4h | https://www.javbus.com/genre/2q
尚未映射,各種職業,角色 (role),censored,censored:26,,,,,https://www.javbus.com/genre/26
尚未映射,工作人員,角色 (role),uncensored,uncensored:mr,,,,,https://www.javbus.com/uncensored/genre/mr
尚未映射,寡婦,角色 (role),censored | uncensored,censored:2f | uncensored:ok,,,,,https://www.javbus.com/genre/2f | https://www.javbus.com/uncensored/genre/ok
尚未映射,黑幫成員,角色 (role),censored,censored:5w,,,,,https://www.javbus.com/genre/5w
尚未映射,黑人,角色 (role),uncensored,uncensored:gre047,,,,,https://www.javbus.com/uncensored/genre/gre047
尚未映射,黑人演員,角色 (role),censored,censored:z,,,,,https://www.javbus.com/genre/z
尚未映射,護士,角色 (role),uncensored,uncensored:gre035,,,,,https://www.javbus.com/uncensored/genre/gre035
尚未映射,妓女,角色 (role),censored,censored:23,,,,,https://www.javbus.com/genre/23
尚未映射,家教,角色 (role),censored,censored:1c,,,,,https://www.javbus.com/genre/1c
尚未映射,看護,角色 (role),uncensored,uncensored:gre042,,,,,https://www.javbus.com/uncensored/genre/gre042
尚未映射,啦啦隊,角色 (role),uncensored,uncensored:1d3,,,,,https://www.javbus.com/uncensored/genre/1d3
尚未映射,老師,角色 (role),uncensored,uncensored:jk,,,,,https://www.javbus.com/uncensored/genre/jk
尚未映射,鄰居,角色 (role),uncensored,uncensored:pk,,,,,https://www.javbus.com/uncensored/genre/pk
尚未映射,蘿莉,角色 (role),uncensored,uncensored:gre027,,,,,https://www.javbus.com/uncensored/genre/gre027
尚未映射,媽媽,角色 (role),uncensored,uncensored:gre036,,,,,https://www.javbus.com/uncensored/genre/gre036
尚未映射,面具男,角色 (role),uncensored,uncensored:11x,,,,,https://www.javbus.com/uncensored/genre/11x
尚未映射,明星,角色 (role),uncensored,uncensored:o4,,,,,https://www.javbus.com/uncensored/genre/o4
尚未映射,明星臉,角色 (role),censored,censored:39,,,,,https://www.javbus.com/genre/39
尚未映射,模特兒,角色 (role),censored,censored:34,,,,,https://www.javbus.com/genre/34
尚未映射,魔法少女,角色 (role),censored,censored:5r,,,,,https://www.javbus.com/genre/5r
尚未映射,魔女,角色 (role),uncensored,uncensored:9a,,,,,https://www.javbus.com/uncensored/genre/9a
尚未映射,奶奶,角色 (role),uncensored,uncensored:1a1,,,,,https://www.javbus.com/uncensored/genre/1a1
尚未映射,男友,角色 (role),uncensored,uncensored:gre034,,,,,https://www.javbus.com/uncensored/genre/gre034
尚未映射,年輕人妻,角色 (role),uncensored,uncensored:gre040,,,,,https://www.javbus.com/uncensored/genre/gre040
尚未映射,女大學生,角色 (role),censored,censored:1x,,,,,https://www.javbus.com/genre/1x
尚未映射,女檢察官,角色 (role),censored,censored:3o,,,,,https://www.javbus.com/genre/3o
尚未映射,女僕,角色 (role),uncensored,uncensored:13,,,,,https://www.javbus.com/uncensored/genre/13
尚未映射,女生,角色 (role),censored,censored:p,,,,,https://www.javbus.com/genre/p
尚未映射,女醫生,角色 (role),censored,censored:27,,,,,https://www.javbus.com/genre/27
尚未映射,女主人、女老板,角色 (role),censored,censored:38,,,,,https://www.javbus.com/genre/38
尚未映射,婆婆,角色 (role),censored,censored:4l,,,,,https://www.javbus.com/genre/4l
尚未映射,親人,角色 (role),uncensored,uncensored:1co,,,,,https://www.javbus.com/uncensored/genre/1co
尚未映射,情人,角色 (role),uncensored,uncensored:2r,,,,,https://www.javbus.com/uncensored/genre/2r
尚未映射,人妖,角色 (role),uncensored,uncensored:2e,,,,,https://www.javbus.com/uncensored/genre/2e
尚未映射,賽車女郎,角色 (role),censored,censored:21,,,,,https://www.javbus.com/genre/21
尚未映射,色狼,角色 (role),uncensored,uncensored:gre044,,,,,https://www.javbus.com/uncensored/genre/gre044
尚未映射,上司,角色 (role),uncensored,uncensored:43,,,,,https://www.javbus.com/uncensored/genre/43
尚未映射,少女,角色 (role),uncensored,uncensored:gre032,,,,,https://www.javbus.com/uncensored/genre/gre032
尚未映射,視訊小姐,角色 (role),uncensored,uncensored:3r,,,,,https://www.javbus.com/uncensored/genre/3r
尚未映射,睡眠系,角色 (role),uncensored,uncensored:165,,,,,https://www.javbus.com/uncensored/genre/165
尚未映射,童年朋友,角色 (role),censored,censored:5k,,,,,https://www.javbus.com/genre/5k
尚未映射,外觀相似,角色 (role),uncensored,uncensored:gre043,,,,,https://www.javbus.com/uncensored/genre/gre043
尚未映射,西裝,角色 (role),uncensored,uncensored:gre159,,,,,https://www.javbus.com/uncensored/genre/gre159
尚未映射,小姐,角色 (role),uncensored,uncensored:ad,,,,,https://www.javbus.com/uncensored/genre/ad
尚未映射,新婚,角色 (role),uncensored,uncensored:gre046,,,,,https://www.javbus.com/uncensored/genre/gre046
尚未映射,新娘、年輕妻子,角色 (role),censored,censored:2z,,,,,https://www.javbus.com/genre/2z
尚未映射,新手,角色 (role),uncensored,uncensored:gre033,,,,,https://www.javbus.com/uncensored/genre/gre033
尚未映射,學生,角色 (role),uncensored,uncensored:gre031,,,,,https://www.javbus.com/uncensored/genre/gre031
尚未映射,學生（其他）,角色 (role),censored,censored:65,,,,,https://www.javbus.com/genre/65
尚未映射,亞洲女演員,角色 (role),censored,censored:5f,,,,,https://www.javbus.com/genre/5f
尚未映射,醫生,角色 (role),uncensored,uncensored:gre045,,,,,https://www.javbus.com/uncensored/genre/gre045
尚未映射,已婚婦女,角色 (role),censored,censored:29,,,,,https://www.javbus.com/genre/29
尚未映射,遊戲的真人版,角色 (role),censored,censored:6c,,,,,https://www.javbus.com/genre/6c
尚未映射,岳母,角色 (role),uncensored,uncensored:sv,,,,,https://www.javbus.com/uncensored/genre/sv
尚未映射,運動系,角色 (role),uncensored,uncensored:gre155,,,,,https://www.javbus.com/uncensored/genre/gre155
尚未映射,展場女孩,角色 (role),censored,censored:1v,,,,,https://www.javbus.com/genre/1v
尚未映射,丈夫,角色 (role),uncensored,uncensored:yg,,,,,https://www.javbus.com/uncensored/genre/yg
尚未映射,職員,角色 (role),uncensored,uncensored:gre041,,,,,https://www.javbus.com/uncensored/genre/gre041
尚未映射,主婦,角色 (role),uncensored,uncensored:gre037,,,,,https://www.javbus.com/uncensored/genre/gre037
尚未映射,AV女優,角色 (role),uncensored,uncensored:c,,,,,https://www.javbus.com/uncensored/genre/c
尚未映射,S級女優,角色 (role),uncensored,uncensored:1av,,,,,https://www.javbus.com/uncensored/genre/1av
尚未映射,愛情旅館,场景 (scene),uncensored,uncensored:gre145,,,,,https://www.javbus.com/uncensored/genre/gre145
尚未映射,辦公室,场景 (scene),uncensored,uncensored:59,,,,,https://www.javbus.com/uncensored/genre/59
尚未映射,別墅,场景 (scene),uncensored,uncensored:9p,,,,,https://www.javbus.com/uncensored/genre/9p
尚未映射,廁所,场景 (scene),uncensored,uncensored:gre149,,,,,https://www.javbus.com/uncensored/genre/gre149
尚未映射,車,场景 (scene),uncensored,uncensored:30,,,,,https://www.javbus.com/uncensored/genre/30
尚未映射,車內,场景 (scene),uncensored,uncensored:gre146,,,,,https://www.javbus.com/uncensored/genre/gre146
尚未映射,廚房,场景 (scene),uncensored,uncensored:h1,,,,,https://www.javbus.com/uncensored/genre/h1
尚未映射,床,场景 (scene),uncensored,uncensored:103,,,,,https://www.javbus.com/uncensored/genre/103
尚未映射,大街,场景 (scene),uncensored,uncensored:hb,,,,,https://www.javbus.com/uncensored/genre/hb
尚未映射,地下室,场景 (scene),uncensored,uncensored:13k,,,,,https://www.javbus.com/uncensored/genre/13k
尚未映射,電梯,场景 (scene),uncensored,uncensored:5e,,,,,https://www.javbus.com/uncensored/genre/5e
尚未映射,房間,场景 (scene),uncensored,uncensored:gre144,,,,,https://www.javbus.com/uncensored/genre/gre144
尚未映射,附近,场景 (scene),uncensored,uncensored:he,,,,,https://www.javbus.com/uncensored/genre/he
尚未映射,公共廁所,场景 (scene),uncensored,uncensored:zj,,,,,https://www.javbus.com/uncensored/genre/zj
尚未映射,公交車,场景 (scene),uncensored,uncensored:o8,,,,,https://www.javbus.com/uncensored/genre/o8
尚未映射,公司,场景 (scene),uncensored,uncensored:4z,,,,,https://www.javbus.com/uncensored/genre/4z
尚未映射,公園,场景 (scene),uncensored,uncensored:4m,,,,,https://www.javbus.com/uncensored/genre/4m
尚未映射,和室,场景 (scene),uncensored,uncensored:6f,,,,,https://www.javbus.com/uncensored/genre/6f
尚未映射,家中,场景 (scene),uncensored,uncensored:e7,,,,,https://www.javbus.com/uncensored/genre/e7
尚未映射,教室,场景 (scene),uncensored,uncensored:7j,,,,,https://www.javbus.com/uncensored/genre/7j
尚未映射,牢籠,场景 (scene),uncensored,uncensored:11w,,,,,https://www.javbus.com/uncensored/genre/11w
尚未映射,樓梯,场景 (scene),uncensored,uncensored:wj,,,,,https://www.javbus.com/uncensored/genre/wj
尚未映射,旅館,场景 (scene),uncensored,uncensored:7w,,,,,https://www.javbus.com/uncensored/genre/7w
尚未映射,門口,场景 (scene),uncensored,uncensored:po,,,,,https://www.javbus.com/uncensored/genre/po
尚未映射,密室,场景 (scene),uncensored,uncensored:6e,,,,,https://www.javbus.com/uncensored/genre/6e
尚未映射,農村,场景 (scene),uncensored,uncensored:fz,,,,,https://www.javbus.com/uncensored/genre/fz
尚未映射,拍攝現場,场景 (scene),uncensored,uncensored:vf,,,,,https://www.javbus.com/uncensored/genre/vf
尚未映射,沙發,场景 (scene),uncensored,uncensored:gre147,,,,,https://www.javbus.com/uncensored/genre/gre147
尚未映射,榻榻米,场景 (scene),uncensored,uncensored:gre152,,,,,https://www.javbus.com/uncensored/genre/gre152
尚未映射,溫泉,场景 (scene),uncensored,uncensored:gre150,,,,,https://www.javbus.com/uncensored/genre/gre150
尚未映射,屋頂,场景 (scene),uncensored,uncensored:wh,,,,,https://www.javbus.com/uncensored/genre/wh
尚未映射,學校,场景 (scene),uncensored,uncensored:7k,,,,,https://www.javbus.com/uncensored/genre/7k
尚未映射,陽台,场景 (scene),uncensored,uncensored:140,,,,,https://www.javbus.com/uncensored/genre/140
尚未映射,醫院,场景 (scene),uncensored,uncensored:gre151,,,,,https://www.javbus.com/uncensored/genre/gre151
尚未映射,游泳池,场景 (scene),uncensored,uncensored:3a,,,,,https://www.javbus.com/uncensored/genre/3a
尚未映射,住宅,场景 (scene),uncensored,uncensored:zu,,,,,https://www.javbus.com/uncensored/genre/zu
尚未映射,桌子,场景 (scene),uncensored,uncensored:x4,,,,,https://www.javbus.com/uncensored/genre/x4
尚未映射,10枚組,主题 (theme),censored,censored:6h,,,,,https://www.javbus.com/genre/6h
尚未映射,保守,主题 (theme),uncensored,uncensored:bk,,,,,https://www.javbus.com/uncensored/genre/bk
尚未映射,變態,主题 (theme),uncensored,uncensored:29,,,,,https://www.javbus.com/uncensored/genre/29
尚未映射,不忠,主题 (theme),uncensored,uncensored:gre016,,,,,https://www.javbus.com/uncensored/genre/gre016
尚未映射,殘忍畫面,主题 (theme),censored,censored:3x,,,,,https://www.javbus.com/genre/3x
尚未映射,出差,主题 (theme),uncensored,uncensored:eu,,,,,https://www.javbus.com/uncensored/genre/eu
尚未映射,出軌,主题 (theme),censored,censored:4r,,,,,https://www.javbus.com/genre/4r
尚未映射,處男,主题 (theme),censored,censored:52,,,,,https://www.javbus.com/genre/52
尚未映射,處女,主题 (theme),censored,censored:41,,,,,https://www.javbus.com/genre/41
尚未映射,處女作,主题 (theme),uncensored,uncensored:t9,,,,,https://www.javbus.com/uncensored/genre/t9
尚未映射,觸手,主题 (theme),censored,censored:59,,,,,https://www.javbus.com/genre/59
尚未映射,粗暴,主题 (theme),censored,censored:3r,,,,,https://www.javbus.com/genre/3r
尚未映射,倒追,主题 (theme),censored,censored:37,,,,,https://www.javbus.com/genre/37
尚未映射,第一視角,主题 (theme),uncensored,uncensored:gre001,,,,,https://www.javbus.com/uncensored/genre/gre001
尚未映射,動画,主题 (theme),censored,censored:6q,,,,,https://www.javbus.com/genre/6q
尚未映射,煩惱,主题 (theme),uncensored,uncensored:xx,,,,,https://www.javbus.com/uncensored/genre/xx
尚未映射,訪問,主题 (theme),uncensored,uncensored:19o,,,,,https://www.javbus.com/uncensored/genre/19o
尚未映射,服侍,主题 (theme),uncensored,uncensored:nc,,,,,https://www.javbus.com/uncensored/genre/nc
尚未映射,高手,主题 (theme),uncensored,uncensored:u4,,,,,https://www.javbus.com/uncensored/genre/u4
尚未映射,勾引,主题 (theme),uncensored,uncensored:gre019,,,,,https://www.javbus.com/uncensored/genre/gre019
尚未映射,購物,主题 (theme),uncensored,uncensored:17g,,,,,https://www.javbus.com/uncensored/genre/17g
尚未映射,鬼混,主题 (theme),uncensored,uncensored:ui,,,,,https://www.javbus.com/uncensored/genre/ui
尚未映射,跪求,主题 (theme),uncensored,uncensored:7d,,,,,https://www.javbus.com/uncensored/genre/7d
尚未映射,喝酒,主题 (theme),uncensored,uncensored:gre012,,,,,https://www.javbus.com/uncensored/genre/gre012
尚未映射,婚禮,主题 (theme),uncensored,uncensored:8i,,,,,https://www.javbus.com/uncensored/genre/8i
尚未映射,尖叫,主题 (theme),uncensored,uncensored:gre013,,,,,https://www.javbus.com/uncensored/genre/gre013
尚未映射,檢查,主题 (theme),uncensored,uncensored:gre017,,,,,https://www.javbus.com/uncensored/genre/gre017
尚未映射,姐妹,主题 (theme),censored,censored:3e,,,,,https://www.javbus.com/genre/3e
尚未映射,借款,主题 (theme),uncensored,uncensored:gre015,,,,,https://www.javbus.com/uncensored/genre/gre015
尚未映射,劇情,主题 (theme),uncensored,uncensored:gre004,,,,,https://www.javbus.com/uncensored/genre/gre004
尚未映射,爛醉如泥的,主题 (theme),censored,censored:40,,,,,https://www.javbus.com/genre/40
尚未映射,戀乳癖,主题 (theme),censored,censored:2d,,,,,https://www.javbus.com/genre/2d
尚未映射,戀腿癖,主题 (theme),censored,censored:2x,,,,,https://www.javbus.com/genre/2x
尚未映射,戀物癖,主题 (theme),uncensored,uncensored:bd,,,,,https://www.javbus.com/uncensored/genre/bd
尚未映射,獵豔,主题 (theme),censored,censored:1e,,,,,https://www.javbus.com/genre/1e
尚未映射,亂倫,主题 (theme),censored,censored:20,,,,,https://www.javbus.com/genre/20
尚未映射,蠻橫嬌羞,主题 (theme),censored,censored:57,,,,,https://www.javbus.com/genre/57
尚未映射,秘密,主题 (theme),uncensored,uncensored:y2,,,,,https://www.javbus.com/uncensored/genre/y2
尚未映射,密會,主题 (theme),uncensored,uncensored:v6,,,,,https://www.javbus.com/uncensored/genre/v6
尚未映射,面試,主题 (theme),uncensored,uncensored:gre011,,,,,https://www.javbus.com/uncensored/genre/gre011
尚未映射,敏感,主题 (theme),uncensored,uncensored:8y,,,,,https://www.javbus.com/uncensored/genre/8y
尚未映射,男同性恋,主题 (theme),censored,censored:2r,,,,,https://www.javbus.com/genre/2r
尚未映射,女同性戀,主题 (theme),censored,censored:1d,,,,,https://www.javbus.com/genre/1d
尚未映射,偶像藝人,主题 (theme),censored,censored:1u,,,,,https://www.javbus.com/genre/1u
尚未映射,嘔吐,主题 (theme),censored,censored:5g,,,,,https://www.javbus.com/genre/5g
尚未映射,騙奸,主题 (theme),uncensored,uncensored:164,,,,,https://www.javbus.com/uncensored/genre/164
尚未映射,企畫,主题 (theme),censored,censored:11,,,,,https://www.javbus.com/genre/11
尚未映射,情侶,主题 (theme),censored,censored:2e,,,,,https://www.javbus.com/genre/2e
尚未映射,求職,主题 (theme),uncensored,uncensored:7g,,,,,https://www.javbus.com/uncensored/genre/7g
尚未映射,瘙癢,主题 (theme),censored,censored:4e,,,,,https://www.javbus.com/genre/4e
尚未映射,舌頭,主题 (theme),uncensored,uncensored:8q,,,,,https://www.javbus.com/uncensored/genre/8q
尚未映射,實拍,主题 (theme),uncensored,uncensored:gre006,,,,,https://www.javbus.com/uncensored/genre/gre006
尚未映射,首次,主题 (theme),uncensored,uncensored:gre003,,,,,https://www.javbus.com/uncensored/genre/gre003
尚未映射,雙性人,主题 (theme),censored,censored:3d,,,,,https://www.javbus.com/genre/3d
尚未映射,順從,主题 (theme),uncensored,uncensored:1cu,,,,,https://www.javbus.com/uncensored/genre/1cu
尚未映射,送貨上門,主题 (theme),uncensored,uncensored:pm,,,,,https://www.javbus.com/uncensored/genre/pm
尚未映射,特典あり（AVベースボール）,主题 (theme),censored,censored:7u,,,,,https://www.javbus.com/genre/7u
尚未映射,跳舞,主题 (theme),censored,censored:3c,,,,,https://www.javbus.com/genre/3c
尚未映射,通姦,主题 (theme),censored | uncensored,censored:3g | uncensored:yz,,,,,https://www.javbus.com/genre/3g | https://www.javbus.com/uncensored/genre/yz
尚未映射,同性戀,主题 (theme),uncensored,uncensored:gre007,,,,,https://www.javbus.com/uncensored/genre/gre007
尚未映射,推薦作品,主题 (theme),uncensored,uncensored:1bc,,,,,https://www.javbus.com/uncensored/genre/1bc
尚未映射,推銷,主题 (theme),uncensored,uncensored:gre021,,,,,https://www.javbus.com/uncensored/genre/gre021
尚未映射,外遇,主题 (theme),uncensored,uncensored:ee,,,,,https://www.javbus.com/uncensored/genre/ee
尚未映射,問卷,主题 (theme),uncensored,uncensored:gc,,,,,https://www.javbus.com/uncensored/genre/gc
尚未映射,問題,主题 (theme),uncensored,uncensored:vn,,,,,https://www.javbus.com/uncensored/genre/vn
尚未映射,洗澡,主题 (theme),uncensored,uncensored:gre002,,,,,https://www.javbus.com/uncensored/genre/gre002
尚未映射,下流,主题 (theme),uncensored,uncensored:ap,,,,,https://www.javbus.com/uncensored/genre/ap
尚未映射,新年,主题 (theme),uncensored,uncensored:gre014,,,,,https://www.javbus.com/uncensored/genre/gre014
尚未映射,新人,主题 (theme),uncensored,uncensored:gre020,,,,,https://www.javbus.com/uncensored/genre/gre020
尚未映射,性伴侶,主题 (theme),uncensored,uncensored:7z,,,,,https://www.javbus.com/uncensored/genre/7z
尚未映射,性感的,主题 (theme),censored,censored:49,,,,,https://www.javbus.com/genre/49
尚未映射,性奴,主题 (theme),censored,censored:3b,,,,,https://www.javbus.com/genre/3b
尚未映射,性騷擾,主题 (theme),censored,censored:35,,,,,https://www.javbus.com/genre/35
尚未映射,學校作品,主题 (theme),censored,censored:3t,,,,,https://www.javbus.com/genre/3t
尚未映射,壓力,主题 (theme),uncensored,uncensored:e5,,,,,https://www.javbus.com/uncensored/genre/e5
尚未映射,眼淚,主题 (theme),uncensored,uncensored:12d,,,,,https://www.javbus.com/uncensored/genre/12d
尚未映射,野外・露出,主题 (theme),censored,censored:1i,,,,,https://www.javbus.com/genre/1i
尚未映射,淫蕩,主题 (theme),uncensored,uncensored:gre009,,,,,https://www.javbus.com/uncensored/genre/gre009
尚未映射,慾求不滿,主题 (theme),uncensored,uncensored:au,,,,,https://www.javbus.com/uncensored/genre/au
尚未映射,願望,主题 (theme),uncensored,uncensored:8w,,,,,https://www.javbus.com/uncensored/genre/8w
尚未映射,約會,主题 (theme),uncensored,uncensored:gre005,,,,,https://www.javbus.com/uncensored/genre/gre005
尚未映射,運動,主题 (theme),censored,censored:4d,,,,,https://www.javbus.com/genre/4d
尚未映射,再會,主题 (theme),uncensored,uncensored:vr,,,,,https://www.javbus.com/uncensored/genre/vr
尚未映射,折磨,主题 (theme),censored,censored:62,,,,,https://www.javbus.com/genre/62
尚未映射,正太控,主题 (theme),censored,censored:4y,,,,,https://www.javbus.com/genre/4y
尚未映射,主動,主题 (theme),uncensored,uncensored:jm,,,,,https://www.javbus.com/uncensored/genre/jm
尚未映射,住一宿,主题 (theme),uncensored,uncensored:wd,,,,,https://www.javbus.com/uncensored/genre/wd
尚未映射,做家務,主题 (theme),uncensored,uncensored:sb,,,,,https://www.javbus.com/uncensored/genre/sb
尚未映射,Don Cipote's choice,主题 (theme),censored,censored:7c,,,,,https://www.javbus.com/genre/7c
尚未映射,コミック雑誌,主题 (theme),censored,censored:7v,,,,,https://www.javbus.com/genre/7v
尚未映射,スマホ専用縦動画,主题 (theme),censored,censored:77,,,,,https://www.javbus.com/genre/77
尚未映射,ボーイズラブ,主题 (theme),censored,censored:7j,,,,,https://www.javbus.com/genre/7j
