sourceName,categoryId,categoryZh,categoryEn,sourceGroups,sourceIds,urls
69,behavior,行为,Behavior,censored;uncensored,censored:2h;uncensored:gre154,https://www.javbus.com/genre/2h;https://www.javbus.com/uncensored/genre/gre154
按摩,behavior,行为,Behavior,censored,censored:45,https://www.javbus.com/genre/45
側位內射,behavior,行为,Behavior,uncensored,uncensored:uc,https://www.javbus.com/uncensored/genre/uc
潮吹,behavior,行为,Behavior,censored;uncensored,censored:1z;uncensored:gre091,https://www.javbus.com/genre/1z;https://www.javbus.com/uncensored/genre/gre091
打飛機,behavior,行为,Behavior,uncensored,uncensored:gre105,https://www.javbus.com/uncensored/genre/gre105
打手槍,behavior,行为,Behavior,censored,censored:x,https://www.javbus.com/genre/x
打樁機,behavior,行为,Behavior,uncensored,uncensored:gre101,https://www.javbus.com/uncensored/genre/gre101
大量潮吹,behavior,行为,Behavior,uncensored,uncensored:gre119,https://www.javbus.com/uncensored/genre/gre119
電動陽具,behavior,行为,Behavior,uncensored,uncensored:34,https://www.javbus.com/uncensored/genre/34
多人口交,behavior,行为,Behavior,uncensored,uncensored:gre111,https://www.javbus.com/uncensored/genre/gre111
二穴同入,behavior,行为,Behavior,uncensored,uncensored:gre109,https://www.javbus.com/uncensored/genre/gre109
翻白眼,behavior,行为,Behavior,uncensored,uncensored:12l,https://www.javbus.com/uncensored/genre/12l
放尿,behavior,行为,Behavior,censored,censored:19,https://www.javbus.com/genre/19
肛交,behavior,行为,Behavior,censored;uncensored,censored:r;uncensored:gre102,https://www.javbus.com/genre/r;https://www.javbus.com/uncensored/genre/gre102
肛内中出,behavior,行为,Behavior,censored,censored:6m,https://www.javbus.com/genre/6m
肛射,behavior,行为,Behavior,uncensored,uncensored:kv,https://www.javbus.com/uncensored/genre/kv
高潮,behavior,行为,Behavior,uncensored,uncensored:gre108,https://www.javbus.com/uncensored/genre/gre108
喝尿,behavior,行为,Behavior,uncensored,uncensored:14v,https://www.javbus.com/uncensored/genre/14v
後入,behavior,行为,Behavior,uncensored,uncensored:gre086,https://www.javbus.com/uncensored/genre/gre086
後入內射,behavior,行为,Behavior,uncensored,uncensored:v4,https://www.javbus.com/uncensored/genre/v4
精液流出,behavior,行为,Behavior,uncensored,uncensored:11p,https://www.javbus.com/uncensored/genre/11p
痙攣,behavior,行为,Behavior,uncensored,uncensored:gre112,https://www.javbus.com/uncensored/genre/gre112
口交,behavior,行为,Behavior,censored;uncensored,censored:1o;uncensored:gre083,https://www.javbus.com/genre/1o;https://www.javbus.com/uncensored/genre/gre083
口內射精,behavior,行为,Behavior,uncensored,uncensored:gre089,https://www.javbus.com/uncensored/genre/gre089
口射,behavior,行为,Behavior,uncensored,uncensored:gre116,https://www.javbus.com/uncensored/genre/gre116
濫交,behavior,行为,Behavior,censored,censored:1j,https://www.javbus.com/genre/1j
立即口交,behavior,行为,Behavior,uncensored,uncensored:gre114,https://www.javbus.com/uncensored/genre/gre114
連續內射,behavior,行为,Behavior,uncensored,uncensored:gre100,https://www.javbus.com/uncensored/genre/gre100
亂交,behavior,行为,Behavior,uncensored,uncensored:gre093,https://www.javbus.com/uncensored/genre/gre093
輪姦,behavior,行为,Behavior,uncensored,uncensored:gre092,https://www.javbus.com/uncensored/genre/gre092
猛烈,behavior,行为,Behavior,uncensored,uncensored:c2,https://www.javbus.com/uncensored/genre/c2
母乳,behavior,行为,Behavior,censored;uncensored,censored:47;uncensored:kp,https://www.javbus.com/genre/47;https://www.javbus.com/uncensored/genre/kp
內射,behavior,行为,Behavior,uncensored,uncensored:gre084,https://www.javbus.com/uncensored/genre/gre084
內射潮吹,behavior,行为,Behavior,uncensored,uncensored:134,https://www.javbus.com/uncensored/genre/134
內射觀察,behavior,行为,Behavior,uncensored,uncensored:12p,https://www.javbus.com/uncensored/genre/12p
女上位,behavior,行为,Behavior,censored,censored:42,https://www.javbus.com/genre/42
排便,behavior,行为,Behavior,censored,censored:1r,https://www.javbus.com/genre/1r
騎乘內射,behavior,行为,Behavior,uncensored,uncensored:141,https://www.javbus.com/uncensored/genre/141
騎乘位,behavior,行为,Behavior,uncensored,uncensored:gre087,https://www.javbus.com/uncensored/genre/gre087
騎在臉上,behavior,行为,Behavior,uncensored,uncensored:gre099,https://www.javbus.com/uncensored/genre/gre099
拳交,behavior,行为,Behavior,censored,censored:3l,https://www.javbus.com/genre/3l
乳交,behavior,行为,Behavior,censored;uncensored,censored:1s;uncensored:gre094,https://www.javbus.com/genre/1s;https://www.javbus.com/uncensored/genre/gre094
射在大腿,behavior,行为,Behavior,uncensored,uncensored:124,https://www.javbus.com/uncensored/genre/124
射在腹部,behavior,行为,Behavior,uncensored,uncensored:14w,https://www.javbus.com/uncensored/genre/14w
射在屁股,behavior,行为,Behavior,uncensored,uncensored:13a,https://www.javbus.com/uncensored/genre/13a
射在頭髮,behavior,行为,Behavior,uncensored,uncensored:110,https://www.javbus.com/uncensored/genre/110
射在外陰,behavior,行为,Behavior,uncensored,uncensored:11a,https://www.javbus.com/uncensored/genre/11a
射在胸部,behavior,行为,Behavior,uncensored,uncensored:11e,https://www.javbus.com/uncensored/genre/11e
射在衣服上,behavior,行为,Behavior,uncensored,uncensored:128,https://www.javbus.com/uncensored/genre/128
深膚色,behavior,行为,Behavior,uncensored,uncensored:gre097,https://www.javbus.com/uncensored/genre/gre097
深喉,behavior,行为,Behavior,censored,censored:3f,https://www.javbus.com/genre/3f
失禁,behavior,行为,Behavior,uncensored,uncensored:gre118,https://www.javbus.com/uncensored/genre/gre118
食糞,behavior,行为,Behavior,censored,censored:4t,https://www.javbus.com/genre/4t
手淫,behavior,行为,Behavior,uncensored,uncensored:gre090,https://www.javbus.com/uncensored/genre/gre090
手指插入,behavior,行为,Behavior,censored,censored:46,https://www.javbus.com/genre/46
首次肛交,behavior,行为,Behavior,uncensored,uncensored:12x,https://www.javbus.com/uncensored/genre/12x
首次內射,behavior,行为,Behavior,uncensored,uncensored:14d,https://www.javbus.com/uncensored/genre/14d
剃毛,behavior,行为,Behavior,uncensored,uncensored:gre106,https://www.javbus.com/uncensored/genre/gre106
舔蛋蛋,behavior,行为,Behavior,uncensored,uncensored:gre115,https://www.javbus.com/uncensored/genre/gre115
舔肛,behavior,行为,Behavior,uncensored,uncensored:gre110,https://www.javbus.com/uncensored/genre/gre110
舔腳,behavior,行为,Behavior,uncensored,uncensored:13r,https://www.javbus.com/uncensored/genre/13r
舔陰,behavior,行为,Behavior,censored;uncensored,censored:3q;uncensored:i,https://www.javbus.com/genre/3q;https://www.javbus.com/uncensored/genre/i
吞精,behavior,行为,Behavior,censored;uncensored,censored:u;uncensored:gre103,https://www.javbus.com/genre/u;https://www.javbus.com/uncensored/genre/gre103
玩弄肛門,behavior,行为,Behavior,uncensored,uncensored:gre113,https://www.javbus.com/uncensored/genre/gre113
吸精,behavior,行为,Behavior,uncensored,uncensored:gre096,https://www.javbus.com/uncensored/genre/gre096
小便,behavior,行为,Behavior,uncensored,uncensored:gre095,https://www.javbus.com/uncensored/genre/gre095
鴨嘴,behavior,行为,Behavior,uncensored,uncensored:gre104,https://www.javbus.com/uncensored/genre/gre104
顏面騎乘,behavior,行为,Behavior,censored,censored:4w,https://www.javbus.com/genre/4w
顏射,behavior,行为,Behavior,censored;uncensored,censored:n;censored:5;uncensored:gre088,https://www.javbus.com/genre/n;https://www.javbus.com/genre/5;https://www.javbus.com/uncensored/genre/gre088
陰道擴張,behavior,行为,Behavior,uncensored,uncensored:10p,https://www.javbus.com/uncensored/genre/10p
陰屁,behavior,行为,Behavior,uncensored,uncensored:gre117,https://www.javbus.com/uncensored/genre/gre117
淫亂,behavior,行为,Behavior,uncensored,uncensored:3x,https://www.javbus.com/uncensored/genre/3x
淫語,behavior,行为,Behavior,censored,censored:24,https://www.javbus.com/genre/24
飲尿,behavior,行为,Behavior,censored,censored:1p,https://www.javbus.com/genre/1p
早洩,behavior,行为,Behavior,uncensored,uncensored:2c,https://www.javbus.com/uncensored/genre/2c
站立位,behavior,行为,Behavior,uncensored,uncensored:gre107,https://www.javbus.com/uncensored/genre/gre107
站立姿勢,behavior,行为,Behavior,uncensored,uncensored:tc,https://www.javbus.com/uncensored/genre/tc
指法,behavior,行为,Behavior,uncensored,uncensored:gre098,https://www.javbus.com/uncensored/genre/gre098
中出,behavior,行为,Behavior,censored,censored:4,https://www.javbus.com/genre/4
自慰,behavior,行为,Behavior,censored;uncensored,censored:h;uncensored:gre085,https://www.javbus.com/genre/h;https://www.javbus.com/uncensored/genre/gre085
足交,behavior,行为,Behavior,censored;uncensored,censored:4j;uncensored:5u,https://www.javbus.com/genre/4j;https://www.javbus.com/uncensored/genre/5u
爆乳,body_type,体型,Body type,uncensored,uncensored:gre075,https://www.javbus.com/uncensored/genre/gre075
變性者,body_type,体型,Body type,censored,censored:2g,https://www.javbus.com/genre/2g
超乳,body_type,体型,Body type,censored,censored:5d,https://www.javbus.com/genre/5d
成熟的女人,body_type,体型,Body type,censored,censored:13,https://www.javbus.com/genre/13
大陰蒂,body_type,体型,Body type,uncensored,uncensored:i0,https://www.javbus.com/uncensored/genre/i0
多毛,body_type,体型,Body type,uncensored,uncensored:gre077,https://www.javbus.com/uncensored/genre/gre077
豐滿,body_type,体型,Body type,uncensored,uncensored:gre066,https://www.javbus.com/uncensored/genre/gre066
高,body_type,体型,Body type,censored,censored:2i,https://www.javbus.com/genre/2i
高個子,body_type,体型,Body type,uncensored,uncensored:gre074,https://www.javbus.com/uncensored/genre/gre074
黑髮,body_type,体型,Body type,uncensored,uncensored:5g,https://www.javbus.com/uncensored/genre/5g
虎牙,body_type,体型,Body type,uncensored,uncensored:17s,https://www.javbus.com/uncensored/genre/17s
肌肉,body_type,体型,Body type,censored,censored:4x,https://www.javbus.com/genre/4x
嬌小,body_type,体型,Body type,uncensored,uncensored:66,https://www.javbus.com/uncensored/genre/66
嬌小的,body_type,体型,Body type,censored,censored:3k,https://www.javbus.com/genre/3k
巨大陽具,body_type,体型,Body type,uncensored,uncensored:gre080,https://www.javbus.com/uncensored/genre/gre080
巨乳,body_type,体型,Body type,censored;uncensored,censored:e;uncensored:gre065,https://www.javbus.com/genre/e;https://www.javbus.com/uncensored/genre/gre065
巨臀,body_type,体型,Body type,uncensored,uncensored:gre078,https://www.javbus.com/uncensored/genre/gre078
捲髮,body_type,体型,Body type,uncensored,uncensored:1b4,https://www.javbus.com/uncensored/genre/1b4
蘿莉塔,body_type,体型,Body type,censored,censored:w,https://www.javbus.com/genre/w
貓眼,body_type,体型,Body type,uncensored,uncensored:1dd,https://www.javbus.com/uncensored/genre/1dd
美白,body_type,体型,Body type,uncensored,uncensored:gre071,https://www.javbus.com/uncensored/genre/gre071
美肌,body_type,体型,Body type,uncensored,uncensored:1da,https://www.javbus.com/uncensored/genre/1da
美乳,body_type,体型,Body type,uncensored,uncensored:gre064,https://www.javbus.com/uncensored/genre/gre064
美腿,body_type,体型,Body type,uncensored,uncensored:gre069,https://www.javbus.com/uncensored/genre/gre069
美臀,body_type,体型,Body type,uncensored,uncensored:gre068,https://www.javbus.com/uncensored/genre/gre068
美穴,body_type,体型,Body type,uncensored,uncensored:bl,https://www.javbus.com/uncensored/genre/bl
苗條,body_type,体型,Body type,censored;uncensored,censored:1f;uncensored:gre067,https://www.javbus.com/genre/1f;https://www.javbus.com/uncensored/genre/gre067
胖女人,body_type,体型,Body type,censored,censored:1t,https://www.javbus.com/genre/1t
屁股,body_type,体型,Body type,censored;uncensored,censored:2k;uncensored:zc,https://www.javbus.com/genre/2k;https://www.javbus.com/uncensored/genre/zc
貧乳・微乳,body_type,体型,Body type,censored,censored:t,https://www.javbus.com/genre/t
乳房,body_type,体型,Body type,censored,censored:3n,https://www.javbus.com/genre/3n
軟體,body_type,体型,Body type,uncensored,uncensored:gre079,https://www.javbus.com/uncensored/genre/gre079
曬痕,body_type,体型,Body type,uncensored,uncensored:wy,https://www.javbus.com/uncensored/genre/wy
素顏,body_type,体型,Body type,uncensored,uncensored:4s,https://www.javbus.com/uncensored/genre/4s
微乳,body_type,体型,Body type,uncensored,uncensored:gre072,https://www.javbus.com/uncensored/genre/gre072
無毛,body_type,体型,Body type,censored;uncensored,censored:22;uncensored:gre070,https://www.javbus.com/genre/22;https://www.javbus.com/uncensored/genre/gre070
小麥色,body_type,体型,Body type,uncensored,uncensored:gz,https://www.javbus.com/uncensored/genre/gz
性感,body_type,体型,Body type,uncensored,uncensored:gre073,https://www.javbus.com/uncensored/genre/gre073
孕婦,body_type,体型,Body type,censored,censored:15,https://www.javbus.com/genre/15
長發,body_type,体型,Body type,uncensored,uncensored:gre081,https://www.javbus.com/uncensored/genre/gre081
C罩杯,body_type,体型,Body type,uncensored,uncensored:199,https://www.javbus.com/uncensored/genre/199
D罩杯,body_type,体型,Body type,uncensored,uncensored:9x,https://www.javbus.com/uncensored/genre/9x
E罩杯,body_type,体型,Body type,uncensored,uncensored:3z,https://www.javbus.com/uncensored/genre/3z
F罩杯,body_type,体型,Body type,uncensored,uncensored:5h,https://www.javbus.com/uncensored/genre/5h
G罩杯,body_type,体型,Body type,uncensored,uncensored:gre076,https://www.javbus.com/uncensored/genre/gre076
H罩杯,body_type,体型,Body type,uncensored,uncensored:gre082,https://www.javbus.com/uncensored/genre/gre082
I罩杯,body_type,体型,Body type,uncensored,uncensored:mu,https://www.javbus.com/uncensored/genre/mu
3D,category,类别,Category,censored,censored:5e,https://www.javbus.com/genre/5e
4小時以上作品,category,类别,Category,censored,censored:43,https://www.javbus.com/genre/43
薄馬賽克,category,类别,Category,censored,censored:3u,https://www.javbus.com/genre/3u
單體作品,category,类别,Category,censored,censored:f,https://www.javbus.com/genre/f
第一人稱攝影,category,类别,Category,censored,censored:1g,https://www.javbus.com/genre/1g
獨立製作,category,类别,Category,censored,censored:o,https://www.javbus.com/genre/o
堵嘴·喜劇,category,类别,Category,censored,censored:7y,https://www.javbus.com/genre/7y
複刻版,category,类别,Category,censored,censored:4v,https://www.javbus.com/genre/4v
高畫質,category,类别,Category,censored,censored:4o,https://www.javbus.com/genre/4o
高清,category,类别,Category,censored,censored:hd,https://www.javbus.com/genre/hd
給女性觀眾,category,类别,Category,censored,censored:5t,https://www.javbus.com/genre/5t
故事集,category,类别,Category,censored,censored:54,https://www.javbus.com/genre/54
國外進口,category,类别,Category,censored,censored:2c,https://www.javbus.com/genre/2c
合集,category,类别,Category,censored,censored:2,https://www.javbus.com/genre/2
合作作品,category,类别,Category,censored,censored:60,https://www.javbus.com/genre/60
黑暗系統,category,类别,Category,censored,censored:85,https://www.javbus.com/genre/85
幻想,category,类别,Category,censored,censored:7z,https://www.javbus.com/genre/7z
纪录片,category,类别,Category,censored,censored:2n,https://www.javbus.com/genre/2n
教學,category,类别,Category,censored,censored:5s,https://www.javbus.com/genre/5s
介紹影片,category,类别,Category,censored,censored:48,https://www.javbus.com/genre/48
經典,category,类别,Category,censored,censored:3j,https://www.javbus.com/genre/3j
局部特寫,category,类别,Category,censored,censored:s,https://www.javbus.com/genre/s
恐怖,category,类别,Category,censored,censored:5z,https://www.javbus.com/genre/5z
戀愛,category,类别,Category,censored,censored:4q,https://www.javbus.com/genre/4q
迷你係列,category,类别,Category,censored,censored:83,https://www.javbus.com/genre/83
設置項目,category,类别,Category,censored,censored:82,https://www.javbus.com/genre/82
首次亮相,category,类别,Category,censored,censored:33,https://www.javbus.com/genre/33
數位馬賽克,category,类别,Category,censored,censored:31,https://www.javbus.com/genre/31
特效,category,类别,Category,censored,censored:5a,https://www.javbus.com/genre/5a
體驗懺悔,category,类别,Category,censored,censored:84,https://www.javbus.com/genre/84
天堂TV,category,类别,Category,censored,censored:2j,https://www.javbus.com/genre/2j
投稿,category,类别,Category,censored,censored:2p,https://www.javbus.com/genre/2p
為智能手機推薦垂直視頻,category,类别,Category,censored,censored:81,https://www.javbus.com/genre/81
戲劇,category,类别,Category,censored,censored:4u,https://www.javbus.com/genre/4u
限時降價,category,类别,Category,censored,censored:53,https://www.javbus.com/genre/53
性別轉型·女性化,category,类别,Category,censored,censored:80,https://www.javbus.com/genre/80
業餘,category,类别,Category,censored,censored:16,https://www.javbus.com/genre/16
主觀視角,category,类别,Category,censored,censored:4m,https://www.javbus.com/genre/4m
字幕,category,类别,Category,censored,censored:sub,https://www.javbus.com/genre/sub
AV OPEN 2014 スーパーヘビー,category,类别,Category,censored,censored:66,https://www.javbus.com/genre/66
AV OPEN 2014 ヘビー級,category,类别,Category,censored,censored:69,https://www.javbus.com/genre/69
AV OPEN 2014 ミドル級,category,类别,Category,censored,censored:6a,https://www.javbus.com/genre/6a
AV OPEN 2015 女優部門,category,类别,Category,censored,censored:76,https://www.javbus.com/genre/76
AV OPEN 2015 企画部門,category,类别,Category,censored,censored:72,https://www.javbus.com/genre/72
AV OPEN 2015 熟女部門,category,类别,Category,censored,censored:71,https://www.javbus.com/genre/71
AV OPEN 2015 素人部門,category,类别,Category,censored,censored:74,https://www.javbus.com/genre/74
AV OPEN 2015 乙女部門,category,类别,Category,censored,censored:73,https://www.javbus.com/genre/73
AV OPEN 2015 SM/ハード部門,category,类别,Category,censored,censored:75,https://www.javbus.com/genre/75
AV OPEN 2015 マニア/フェチ部門,category,类别,Category,censored,censored:70,https://www.javbus.com/genre/70
AVOPEN2016女優部門,category,类别,Category,censored,censored:7p,https://www.javbus.com/genre/7p
AVOPEN2016企画部門,category,类别,Category,censored,censored:7l,https://www.javbus.com/genre/7l
AVOPEN2016人妻・熟女部門,category,类别,Category,censored,censored:7k,https://www.javbus.com/genre/7k
AVOPEN2016素人部門,category,类别,Category,censored,censored:7r,https://www.javbus.com/genre/7r
AVOPEN2016乙女部門,category,类别,Category,censored,censored:7o,https://www.javbus.com/genre/7o
AVOPEN2016ドラマ・ドキュメンタリー部門,category,类别,Category,censored,censored:7q,https://www.javbus.com/genre/7q
AVOPEN2016ハード部門,category,类别,Category,censored,censored:7m,https://www.javbus.com/genre/7m
AVOPEN2016バラエティ部門,category,类别,Category,censored,censored:7s,https://www.javbus.com/genre/7s
AVOPEN2016マニア・フェチ部門,category,类别,Category,censored,censored:7n,https://www.javbus.com/genre/7n
DMM獨家,category,类别,Category,censored,censored:g,https://www.javbus.com/genre/g
DMM專屬,category,类别,Category,censored,censored:5q,https://www.javbus.com/genre/5q
DVD多士爐,category,类别,Category,censored,censored:4g,https://www.javbus.com/genre/4g
R-15,category,类别,Category,censored,censored:5o,https://www.javbus.com/genre/5o
R-18,category,类别,Category,censored,censored:5n,https://www.javbus.com/genre/5n
VR専用,category,类别,Category,censored,censored:7x,https://www.javbus.com/genre/7x
比基尼,clothing,服装,Clothing,uncensored,uncensored:gre057,https://www.javbus.com/uncensored/genre/gre057
不穿內褲,clothing,服装,Clothing,uncensored,uncensored:cd,https://www.javbus.com/uncensored/genre/cd
不戴胸罩,clothing,服装,Clothing,uncensored,uncensored:ce,https://www.javbus.com/uncensored/genre/ce
打底褲,clothing,服装,Clothing,uncensored,uncensored:17y,https://www.javbus.com/uncensored/genre/17y
大衣,clothing,服装,Clothing,uncensored,uncensored:88,https://www.javbus.com/uncensored/genre/88
丁字褲,clothing,服装,Clothing,uncensored,uncensored:gre062,https://www.javbus.com/uncensored/genre/gre062
短褲,clothing,服装,Clothing,uncensored,uncensored:17i,https://www.javbus.com/uncensored/genre/17i
哥德蘿莉,clothing,服装,Clothing,censored,censored:6b,https://www.javbus.com/genre/6b
和服,clothing,服装,Clothing,uncensored,uncensored:3i,https://www.javbus.com/uncensored/genre/3i
和服・喪服,clothing,服装,Clothing,censored,censored:12,https://www.javbus.com/genre/12
混血,clothing,服装,Clothing,uncensored,uncensored:1dp,https://www.javbus.com/uncensored/genre/1dp
及膝襪,clothing,服装,Clothing,censored,censored:5c,https://www.javbus.com/genre/5c
極小比基尼,clothing,服装,Clothing,uncensored,uncensored:hm,https://www.javbus.com/uncensored/genre/hm
角色扮演,clothing,服装,Clothing,censored,censored:1,https://www.javbus.com/genre/1
緊身衣,clothing,服装,Clothing,censored;uncensored,censored:3a;uncensored:jg,https://www.javbus.com/genre/3a;https://www.javbus.com/uncensored/genre/jg
頸鏈,clothing,服装,Clothing,uncensored,uncensored:1bu,https://www.javbus.com/uncensored/genre/1bu
客人,clothing,服装,Clothing,uncensored,uncensored:qm,https://www.javbus.com/uncensored/genre/qm
空中小姐,clothing,服装,Clothing,censored,censored:2l,https://www.javbus.com/genre/2l
連褲襪,clothing,服装,Clothing,censored;uncensored,censored:28;uncensored:gre050,https://www.javbus.com/genre/28;https://www.javbus.com/uncensored/genre/gre050
連衣裙,clothing,服装,Clothing,uncensored,uncensored:16w,https://www.javbus.com/uncensored/genre/16w
裸體襪子,clothing,服装,Clothing,uncensored,uncensored:1di,https://www.javbus.com/uncensored/genre/1di
裸體圍裙,clothing,服装,Clothing,censored,censored:2s,https://www.javbus.com/genre/2s
貓耳女,clothing,服装,Clothing,censored,censored:4n,https://www.javbus.com/genre/4n
毛衣,clothing,服装,Clothing,uncensored,uncensored:vx,https://www.javbus.com/uncensored/genre/vx
美人,clothing,服装,Clothing,uncensored,uncensored:gre049,https://www.javbus.com/uncensored/genre/gre049
迷你裙,clothing,服装,Clothing,censored;uncensored,censored:i;uncensored:gre059,https://www.javbus.com/genre/i;https://www.javbus.com/uncensored/genre/gre059
迷你裙警察,clothing,服装,Clothing,censored,censored:2m,https://www.javbus.com/genre/2m
面具,clothing,服装,Clothing,uncensored,uncensored:f7,https://www.javbus.com/uncensored/genre/f7
男装,clothing,服装,Clothing,uncensored,uncensored:gre156,https://www.javbus.com/uncensored/genre/gre156
內衣,clothing,服装,Clothing,censored;uncensored,censored:50;censored:v;uncensored:5x,https://www.javbus.com/genre/50;https://www.javbus.com/genre/v;https://www.javbus.com/uncensored/genre/5x
牛仔褲,clothing,服装,Clothing,uncensored,uncensored:17h,https://www.javbus.com/uncensored/genre/17h
女祭司,clothing,服装,Clothing,censored,censored:4k,https://www.javbus.com/genre/4k
女忍者,clothing,服装,Clothing,censored,censored:56,https://www.javbus.com/genre/56
女傭,clothing,服装,Clothing,censored,censored:j,https://www.javbus.com/genre/j
女戰士,clothing,服装,Clothing,censored,censored:5h,https://www.javbus.com/genre/5h
女裝人妖,clothing,服装,Clothing,censored,censored:55,https://www.javbus.com/genre/55
泡泡襪,clothing,服装,Clothing,censored,censored:4i,https://www.javbus.com/genre/4i
旗袍,clothing,服装,Clothing,censored,censored:k,https://www.javbus.com/genre/k
情趣內衣,clothing,服装,Clothing,uncensored,uncensored:gre058,https://www.javbus.com/uncensored/genre/gre058
全裸,clothing,服装,Clothing,uncensored,uncensored:mx,https://www.javbus.com/uncensored/genre/mx
裙子,clothing,服装,Clothing,uncensored,uncensored:gre051,https://www.javbus.com/uncensored/genre/gre051
喪服,clothing,服装,Clothing,uncensored,uncensored:du,https://www.javbus.com/uncensored/genre/du
身體意識,clothing,服装,Clothing,censored,censored:1w,https://www.javbus.com/genre/1w
水手服,clothing,服装,Clothing,censored;uncensored,censored:m;uncensored:gv,https://www.javbus.com/genre/m;https://www.javbus.com/uncensored/genre/gv
睡衣,clothing,服装,Clothing,uncensored,uncensored:14,https://www.javbus.com/uncensored/genre/14
絲帶,clothing,服装,Clothing,uncensored,uncensored:wz,https://www.javbus.com/uncensored/genre/wz
套裝,clothing,服装,Clothing,uncensored,uncensored:gre060,https://www.javbus.com/uncensored/genre/gre060
體育服,clothing,服装,Clothing,censored,censored:y,https://www.javbus.com/genre/y
兔女郎,clothing,服装,Clothing,censored,censored:4p,https://www.javbus.com/genre/4p
娃娃,clothing,服装,Clothing,censored,censored:5b,https://www.javbus.com/genre/5b
襪,clothing,服装,Clothing,uncensored,uncensored:gre157,https://www.javbus.com/uncensored/genre/gre157
晚禮服,clothing,服装,Clothing,uncensored,uncensored:f8,https://www.javbus.com/uncensored/genre/f8
網襪,clothing,服装,Clothing,uncensored,uncensored:gre054,https://www.javbus.com/uncensored/genre/gre054
圍裙,clothing,服装,Clothing,uncensored,uncensored:gre056,https://www.javbus.com/uncensored/genre/gre056
猥褻穿著,clothing,服装,Clothing,censored,censored:4z,https://www.javbus.com/genre/4z
校服,clothing,服装,Clothing,censored,censored:a,https://www.javbus.com/genre/a
休閒裝,clothing,服装,Clothing,uncensored,uncensored:19t,https://www.javbus.com/uncensored/genre/19t
學校泳裝,clothing,服装,Clothing,censored,censored:l,https://www.javbus.com/genre/l
眼鏡,clothing,服装,Clothing,censored;uncensored,censored:8;uncensored:gre061,https://www.javbus.com/genre/8;https://www.javbus.com/uncensored/genre/gre061
眼罩,clothing,服装,Clothing,uncensored,uncensored:gre055,https://www.javbus.com/uncensored/genre/gre055
陽具腰帶,clothing,服装,Clothing,uncensored,uncensored:gre063,https://www.javbus.com/uncensored/genre/gre063
泳衣,clothing,服装,Clothing,uncensored,uncensored:gre053,https://www.javbus.com/uncensored/genre/gre053
泳裝,clothing,服装,Clothing,censored,censored:9,https://www.javbus.com/genre/9
浴衣和服,clothing,服装,Clothing,uncensored,uncensored:gre052,https://www.javbus.com/uncensored/genre/gre052
制服,clothing,服装,Clothing,censored;uncensored,censored:3i;uncensored:2,https://www.javbus.com/genre/3i;https://www.javbus.com/uncensored/genre/2
治癒系,clothing,服装,Clothing,uncensored,uncensored:ab,https://www.javbus.com/uncensored/genre/ab
OL,clothing,服装,Clothing,censored,censored:18,https://www.javbus.com/genre/18
1080p,other,其他,Other,uncensored,uncensored:1j,https://www.javbus.com/uncensored/genre/1j
10代,other,其他,Other,uncensored,uncensored:1x,https://www.javbus.com/uncensored/genre/1x
3P、4P,other,其他,Other,censored,censored:gy,https://www.javbus.com/genre/gy
4K,other,其他,Other,censored,censored:fd,https://www.javbus.com/genre/fd
60fps,other,其他,Other,uncensored,uncensored:1k,https://www.javbus.com/uncensored/genre/1k
8KVR,other,其他,Other,censored,censored:jb,https://www.javbus.com/genre/jb
白目・失神,other,其他,Other,censored,censored:ek,https://www.javbus.com/genre/ek
白天,other,其他,Other,uncensored,uncensored:gre142,https://www.javbus.com/uncensored/genre/gre142
爆乳,other,其他,Other,censored,censored:hs,https://www.javbus.com/genre/hs
鼻フック,other,其他,Other,censored,censored:f7,https://www.javbus.com/genre/f7
筆おろし,other,其他,Other,censored,censored:fn,https://www.javbus.com/genre/fn
病院・クリニック,other,其他,Other,censored,censored:ep,https://www.javbus.com/genre/ep
部活・マネージャー,other,其他,Other,censored,censored:ez,https://www.javbus.com/genre/ez
部下・同僚,other,其他,Other,censored,censored:ea,https://www.javbus.com/genre/ea
茶髪,other,其他,Other,censored,censored:iz;censored:k3,https://www.javbus.com/genre/iz;https://www.javbus.com/genre/k3
超VIP,other,其他,Other,uncensored,uncensored:1f,https://www.javbus.com/uncensored/genre/1f
初撮り,other,其他,Other,censored,censored:j3,https://www.javbus.com/genre/j3
電車、バス,other,其他,Other,censored,censored:ho,https://www.javbus.com/genre/ho
調教,other,其他,Other,censored,censored:gs,https://www.javbus.com/genre/gs
動漫,other,其他,Other,uncensored,uncensored:gre165,https://www.javbus.com/uncensored/genre/gre165
獨佔動畫,other,其他,Other,uncensored,uncensored:2a,https://www.javbus.com/uncensored/genre/2a
多人数,other,其他,Other,censored,censored:j7,https://www.javbus.com/genre/j7
放尿・失禁,other,其他,Other,censored,censored:i2,https://www.javbus.com/genre/i2
放置,other,其他,Other,censored,censored:f8,https://www.javbus.com/genre/f8
非貫通,other,其他,Other,censored,censored:ge,https://www.javbus.com/genre/ge
風格出眾,other,其他,Other,uncensored,uncensored:3y,https://www.javbus.com/uncensored/genre/3y
風俗,other,其他,Other,censored,censored:gl,https://www.javbus.com/genre/gl
風俗嬢,other,其他,Other,censored,censored:j8,https://www.javbus.com/genre/j8
福袋,other,其他,Other,censored,censored:fe,https://www.javbus.com/genre/fe
縛り,other,其他,Other,censored,censored:hd,https://www.javbus.com/genre/hd
覆面・マスク,other,其他,Other,censored,censored:dz,https://www.javbus.com/genre/dz
個人撮影,other,其他,Other,censored,censored:kb,https://www.javbus.com/genre/kb
更衣室,other,其他,Other,uncensored,uncensored:178,https://www.javbus.com/uncensored/genre/178
官能小説,other,其他,Other,censored,censored:gi,https://www.javbus.com/genre/gi
黒髪,other,其他,Other,censored,censored:iw;censored:k0,https://www.javbus.com/genre/iw;https://www.javbus.com/genre/k0
花嫁,other,其他,Other,censored,censored:e4,https://www.javbus.com/genre/e4
健康診断,other,其他,Other,censored,censored:hp,https://www.javbus.com/genre/hp
脚コキ,other,其他,Other,censored,censored:gp,https://www.javbus.com/genre/gp
教師,other,其他,Other,censored,censored:hm,https://www.javbus.com/genre/hm
介護,other,其他,Other,censored,censored:j4,https://www.javbus.com/genre/j4
金髪,other,其他,Other,censored,censored:iy;censored:k2,https://www.javbus.com/genre/iy;https://www.javbus.com/genre/k2
金髪・ブロンド,other,其他,Other,censored,censored:j2,https://www.javbus.com/genre/j2
近●相●,other,其他,Other,censored,censored:ji,https://www.javbus.com/genre/ji
巨乳,other,其他,Other,censored,censored:jn,https://www.javbus.com/genre/jn
看護師,other,其他,Other,censored,censored:h4,https://www.javbus.com/genre/h4
尻,other,其他,Other,censored,censored:hg,https://www.javbus.com/genre/hg
口内発射,other,其他,Other,censored,censored:ig,https://www.javbus.com/genre/ig
口内射精,other,其他,Other,censored,censored:jd,https://www.javbus.com/genre/jd
蝋燭,other,其他,Other,censored,censored:f6,https://www.javbus.com/genre/f6
凌辱,other,其他,Other,censored,censored:h9,https://www.javbus.com/genre/h9
六十路,other,其他,Other,censored,censored:ie,https://www.javbus.com/genre/ie
露出,other,其他,Other,censored,censored:h0,https://www.javbus.com/genre/h0
旅行,other,其他,Other,censored,censored:eb,https://www.javbus.com/genre/eb
罵倒,other,其他,Other,censored,censored:et,https://www.javbus.com/genre/et
美脚,other,其他,Other,censored,censored:fq;censored:k4,https://www.javbus.com/genre/fq;https://www.javbus.com/genre/k4
美尻,other,其他,Other,censored,censored:ft,https://www.javbus.com/genre/ft
美女,other,其他,Other,censored,censored:je,https://www.javbus.com/genre/je
美乳,other,其他,Other,censored,censored:js,https://www.javbus.com/genre/js
美熟女,other,其他,Other,censored,censored:ik,https://www.javbus.com/genre/ik
妹,other,其他,Other,censored,censored:h6,https://www.javbus.com/genre/h6
媚薬,other,其他,Other,censored,censored:gu,https://www.javbus.com/genre/gu
面接,other,其他,Other,censored,censored:eq,https://www.javbus.com/genre/eq
母親,other,其他,Other,censored,censored:hk,https://www.javbus.com/genre/hk
目隠し,other,其他,Other,censored,censored:ic,https://www.javbus.com/genre/ic
男の潮吹き,other,其他,Other,censored,censored:ef,https://www.javbus.com/genre/ef
逆ナンパ,other,其他,Other,censored,censored:fx,https://www.javbus.com/genre/fx
逆レイプ,other,其他,Other,censored,censored:ev,https://www.javbus.com/genre/ev
娘・養女,other,其他,Other,censored,censored:e7,https://www.javbus.com/genre/e7
奴隷,other,其他,Other,censored,censored:hh,https://www.javbus.com/genre/hh
女上司,other,其他,Other,censored,censored:eg,https://www.javbus.com/genre/eg
女王様,other,其他,Other,censored,censored:em,https://www.javbus.com/genre/em
女優,other,其他,Other,censored,censored:fj,https://www.javbus.com/genre/fj
女子高生,other,其他,Other,censored,censored:j0,https://www.javbus.com/genre/j0
配信専用,other,其他,Other,censored,censored:gh,https://www.javbus.com/genre/gh
配信専用素人,other,其他,Other,censored,censored:jk,https://www.javbus.com/genre/jk
貧乳・微乳,other,其他,Other,censored,censored:jv,https://www.javbus.com/genre/jv
期間限定販売,other,其他,Other,censored,censored:j6,https://www.javbus.com/genre/j6
企劃物,other,其他,Other,uncensored,uncensored:1z,https://www.javbus.com/uncensored/genre/1z
寝取り･寝取られ,other,其他,Other,censored,censored:is,https://www.javbus.com/genre/is
清楚,other,其他,Other,censored,censored:i6;censored:jo,https://www.javbus.com/genre/i6;https://www.javbus.com/genre/jo
人氣系列,other,其他,Other,uncensored,uncensored:2d,https://www.javbus.com/uncensored/genre/2d
軟体,other,其他,Other,censored,censored:e6,https://www.javbus.com/genre/e6
三十路,other,其他,Other,censored,censored:hz,https://www.javbus.com/genre/hz
色白,other,其他,Other,censored,censored:jg;censored:k1,https://www.javbus.com/genre/jg;https://www.javbus.com/genre/k1
生挿入,other,其他,Other,censored,censored:gk,https://www.javbus.com/genre/gk
失禁,other,其他,Other,censored,censored:gb,https://www.javbus.com/genre/gb
手マン,other,其他,Other,censored,censored:im,https://www.javbus.com/genre/im
首次作品,other,其他,Other,uncensored,uncensored:40,https://www.javbus.com/uncensored/genre/40
受付嬢,other,其他,Other,censored,censored:ei,https://www.javbus.com/genre/ei
叔母さん,other,其他,Other,censored,censored:es,https://www.javbus.com/genre/es
書籍版,other,其他,Other,censored,censored:g3,https://www.javbus.com/genre/g3
四十路,other,其他,Other,censored,censored:i7,https://www.javbus.com/genre/i7
素股,other,其他,Other,censored,censored:hw,https://www.javbus.com/genre/hw
台湾モデル,other,其他,Other,censored,censored:jl,https://www.javbus.com/genre/jl
湯,other,其他,Other,censored,censored:hl,https://www.javbus.com/genre/hl
童顔,other,其他,Other,censored,censored:ih,https://www.javbus.com/genre/ih
童貞モノ,other,其他,Other,censored,censored:ha,https://www.javbus.com/genre/ha
投稿,other,其他,Other,uncensored,uncensored:163,https://www.javbus.com/uncensored/genre/163
外国人,other,其他,Other,censored,censored:gm;censored:k6,https://www.javbus.com/genre/gm;https://www.javbus.com/genre/k6
玩具責め,other,其他,Other,censored,censored:ff,https://www.javbus.com/genre/ff
妄想族,other,其他,Other,censored,censored:f5,https://www.javbus.com/genre/f5
微乳,other,其他,Other,censored,censored:gw,https://www.javbus.com/genre/gw
五十路,other,其他,Other,censored,censored:i3,https://www.javbus.com/genre/i3
下午,other,其他,Other,uncensored,uncensored:io,https://www.javbus.com/uncensored/genre/io
下着,other,其他,Other,censored,censored:hj,https://www.javbus.com/genre/hj
小柄,other,其他,Other,censored,censored:jx,https://www.javbus.com/genre/jx
写真集,other,其他,Other,censored,censored:g2,https://www.javbus.com/genre/g2
性教育,other,其他,Other,censored,censored:ip,https://www.javbus.com/genre/ip
胸チラ,other,其他,Other,censored,censored:ec,https://www.javbus.com/genre/ec
羞恥・辱め,other,其他,Other,censored,censored:i0,https://www.javbus.com/genre/i0
羞恥プレイ,other,其他,Other,censored,censored:fw,https://www.javbus.com/genre/fw
顔面騎乗位,other,其他,Other,censored,censored:gv,https://www.javbus.com/genre/gv
野球拳,other,其他,Other,censored,censored:hq,https://www.javbus.com/genre/hq
野外,other,其他,Other,censored,censored:gz,https://www.javbus.com/genre/gz
椅子,other,其他,Other,uncensored,uncensored:102,https://www.javbus.com/uncensored/genre/102
淫語責め,other,其他,Other,censored,censored:gn,https://www.javbus.com/genre/gn
淫語モノ,other,其他,Other,censored,censored:if,https://www.javbus.com/genre/if
飲み会・合コン,other,其他,Other,censored,censored:ey,https://www.javbus.com/genre/ey
誘惑,other,其他,Other,censored,censored:g0,https://www.javbus.com/genre/g0
浴衣,other,其他,Other,censored,censored:hr,https://www.javbus.com/genre/hr
芸能人,other,其他,Other,censored,censored:hi,https://www.javbus.com/genre/hi
長身,other,其他,Other,censored,censored:jq,https://www.javbus.com/genre/jq
着物・浴衣,other,其他,Other,censored,censored:i5,https://www.javbus.com/genre/i5
着衣,other,其他,Other,censored,censored:fy,https://www.javbus.com/genre/fy
総集編・ベスト,other,其他,Other,censored,censored:jh,https://www.javbus.com/genre/jh
最佳合集,other,其他,Other,uncensored,uncensored:gre143,https://www.javbus.com/uncensored/genre/gre143
AI生成作品,other,其他,Other,censored,censored:ka,https://www.javbus.com/genre/ka
CD,other,其他,Other,censored,censored:gj,https://www.javbus.com/genre/gj
Dカップ,other,其他,Other,censored,censored:ij,https://www.javbus.com/genre/ij
Eカップ,other,其他,Other,censored,censored:it,https://www.javbus.com/genre/it
Fカップ,other,其他,Other,censored,censored:iu,https://www.javbus.com/genre/iu
Gカップ,other,其他,Other,censored,censored:ib,https://www.javbus.com/genre/ib
HowTo,other,其他,Other,censored,censored:iq,https://www.javbus.com/genre/iq
Hカップ,other,其他,Other,censored,censored:j5,https://www.javbus.com/genre/j5
KTV,other,其他,Other,uncensored,uncensored:1dg,https://www.javbus.com/uncensored/genre/1dg
M女,other,其他,Other,censored,censored:el,https://www.javbus.com/genre/el
MGS限定特典映像,other,其他,Other,censored,censored:ir,https://www.javbus.com/genre/ir
MGSだけの特典映像付,other,其他,Other,censored,censored:jf,https://www.javbus.com/genre/jf
MGSだけのおまけ映像付き,other,其他,Other,censored,censored:il,https://www.javbus.com/genre/il
PICKUP素人,other,其他,Other,censored,censored:j9,https://www.javbus.com/genre/j9
SM拘束,other,其他,Other,censored,censored:g4,https://www.javbus.com/genre/g4
Tシャツ,other,其他,Other,censored,censored:ga,https://www.javbus.com/genre/ga
VIP,other,其他,Other,uncensored,uncensored:16,https://www.javbus.com/uncensored/genre/16
VR,other,其他,Other,censored;uncensored,censored:i8;uncensored:gre162,https://www.javbus.com/genre/i8;https://www.javbus.com/uncensored/genre/gre162
アイドル,other,其他,Other,censored,censored:h5,https://www.javbus.com/genre/h5
アクメ・オーガズム,other,其他,Other,censored,censored:e3,https://www.javbus.com/genre/e3
アスリート,other,其他,Other,censored,censored:dy,https://www.javbus.com/genre/dy
アナルセックス（男の娘）,other,其他,Other,censored,censored:kc,https://www.javbus.com/genre/kc
アナルファック,other,其他,Other,censored,censored:go,https://www.javbus.com/genre/go
エステ・マッサージ,other,其他,Other,censored,censored:ia,https://www.javbus.com/genre/ia
エマニエル,other,其他,Other,censored,censored:f4,https://www.javbus.com/genre/f4
エロス,other,其他,Other,censored,censored:ee,https://www.javbus.com/genre/ee
お風呂,other,其他,Other,censored,censored:er,https://www.javbus.com/genre/er
お嬢様・令嬢,other,其他,Other,censored,censored:k8,https://www.javbus.com/genre/k8
お婆ちゃん,other,其他,Other,censored,censored:f0,https://www.javbus.com/genre/f0
お掃除フェラ,other,其他,Other,censored,censored:fl,https://www.javbus.com/genre/fl
お爺ちゃん,other,其他,Other,censored,censored:eu,https://www.javbus.com/genre/eu
お姉さん,other,其他,Other,censored,censored:jp,https://www.javbus.com/genre/jp
オイル・ローション,other,其他,Other,censored,censored:ja,https://www.javbus.com/genre/ja
オイルプレイ,other,其他,Other,censored,censored:gq,https://www.javbus.com/genre/gq
オタク,other,其他,Other,censored,censored:fc,https://www.javbus.com/genre/fc
オナサポ,other,其他,Other,censored,censored:dx,https://www.javbus.com/genre/dx
オナホール,other,其他,Other,censored,censored:gc,https://www.javbus.com/genre/gc
オモチャ,other,其他,Other,censored,censored:i9,https://www.javbus.com/genre/i9
カップホール,other,其他,Other,censored,censored:gd,https://www.javbus.com/genre/gd
キャバ嬢,other,其他,Other,censored,censored:gr,https://www.javbus.com/genre/gr
ギャル,other,其他,Other,censored,censored:jr,https://www.javbus.com/genre/jr
グッズ,other,其他,Other,censored,censored:g9,https://www.javbus.com/genre/g9
くびれ,other,其他,Other,censored,censored:jy,https://www.javbus.com/genre/jy
サイコ・スリラー,other,其他,Other,censored,censored:fa,https://www.javbus.com/genre/fa
サンプル動画,other,其他,Other,censored,censored:f9,https://www.javbus.com/genre/f9
ショートカット,other,其他,Other,censored,censored:jm,https://www.javbus.com/genre/jm
ショートヘア,other,其他,Other,censored,censored:ix,https://www.javbus.com/genre/ix
ショートヘアー,other,其他,Other,censored,censored:i4;censored:k7,https://www.javbus.com/genre/i4;https://www.javbus.com/genre/k7
スクール水着,other,其他,Other,censored,censored:h7,https://www.javbus.com/genre/h7
スチュワーデス・CA,other,其他,Other,censored,censored:ii,https://www.javbus.com/genre/ii
ストッキング,other,其他,Other,censored,censored:hn,https://www.javbus.com/genre/hn
スパンキング,other,其他,Other,censored,censored:e8,https://www.javbus.com/genre/e8
スレンダー,other,其他,Other,censored,censored:ju,https://www.javbus.com/genre/ju
スワッピング,other,其他,Other,censored,censored:hu,https://www.javbus.com/genre/hu
スワッピング・夫婦交換,other,其他,Other,censored,censored:e9,https://www.javbus.com/genre/e9
セクシー,other,其他,Other,censored,censored:eh,https://www.javbus.com/genre/eh
セレブ,other,其他,Other,censored,censored:eo,https://www.javbus.com/genre/eo
ソープ,other,其他,Other,censored,censored:ht,https://www.javbus.com/genre/ht
チアガール,other,其他,Other,censored,censored:f2,https://www.javbus.com/genre/f2
チラリズム,other,其他,Other,censored,censored:g1,https://www.javbus.com/genre/g1
デート,other,其他,Other,censored,censored:e5,https://www.javbus.com/genre/e5
ディルド,other,其他,Other,censored,censored:ew,https://www.javbus.com/genre/ew
デカチン,other,其他,Other,censored,censored:gx,https://www.javbus.com/genre/gx
デリヘル,other,其他,Other,censored,censored:h8,https://www.javbus.com/genre/h8
ドキュメント,other,其他,Other,censored,censored:g6,https://www.javbus.com/genre/g6
ドラッグ・媚薬,other,其他,Other,censored,censored:id,https://www.javbus.com/genre/id
ドリンク,other,其他,Other,censored,censored:hx,https://www.javbus.com/genre/hx
ノーパン,other,其他,Other,censored,censored:en,https://www.javbus.com/genre/en
ノーブラ,other,其他,Other,censored,censored:ej,https://www.javbus.com/genre/ej
ハーフ,other,其他,Other,censored,censored:j1,https://www.javbus.com/genre/j1
ハイクオリティVR,other,其他,Other,censored,censored:e0,https://www.javbus.com/genre/e0
パイパン,other,其他,Other,censored,censored:jt,https://www.javbus.com/genre/jt
ハイビジョン(HD),other,其他,Other,censored,censored:jj,https://www.javbus.com/genre/jj
バック,other,其他,Other,censored,censored:ed,https://www.javbus.com/genre/ed
パンストモノ,other,其他,Other,censored,censored:in,https://www.javbus.com/genre/in
パンチラモノ,other,其他,Other,censored,censored:i1,https://www.javbus.com/genre/i1
ビジネススーツ,other,其他,Other,censored,censored:f1,https://www.javbus.com/genre/f1
フェチ,other,其他,Other,censored,censored:fu,https://www.javbus.com/genre/fu
フェラモノ,other,其他,Other,censored,censored:io,https://www.javbus.com/genre/io
フルハイビジョン(FHD),other,其他,Other,censored,censored:hy,https://www.javbus.com/genre/hy
ブルマ,other,其他,Other,censored,censored:hb,https://www.javbus.com/genre/hb
プレステージ20周年特別企画,other,其他,Other,censored,censored:jc,https://www.javbus.com/genre/jc
ベスト、総集編,other,其他,Other,censored,censored:h2,https://www.javbus.com/genre/h2
ヘルス・ソープ,other,其他,Other,censored,censored:e1,https://www.javbus.com/genre/e1
ぽっちゃり,other,其他,Other,censored,censored:jz,https://www.javbus.com/genre/jz
ホテヘル,other,其他,Other,censored,censored:hc,https://www.javbus.com/genre/hc
ホテル,other,其他,Other,censored,censored:e2,https://www.javbus.com/genre/e2
マジックミラー号,other,其他,Other,censored,censored:h3,https://www.javbus.com/genre/h3
ママ友,other,其他,Other,censored,censored:f3,https://www.javbus.com/genre/f3
ミディアムヘアー,other,其他,Other,censored,censored:k9,https://www.javbus.com/genre/k9
ミニ系,other,其他,Other,censored,censored:jw,https://www.javbus.com/genre/jw
ミニスカート,other,其他,Other,censored,censored:hf,https://www.javbus.com/genre/hf
メガネ,other,其他,Other,censored,censored:hv,https://www.javbus.com/genre/hv
ヨガ,other,其他,Other,censored,censored:ex,https://www.javbus.com/genre/ex
ラブコメ,other,其他,Other,censored,censored:fb,https://www.javbus.com/genre/fb
レイプ,other,其他,Other,censored,censored:h1,https://www.javbus.com/genre/h1
ローション・オイル,other,其他,Other,censored,censored:gt,https://www.javbus.com/genre/gt
ローション付き,other,其他,Other,censored,censored:gf,https://www.javbus.com/genre/gf
ロリータ,other,其他,Other,censored,censored:he,https://www.javbus.com/genre/he
ロングヘアー,other,其他,Other,censored,censored:iv;censored:k5,https://www.javbus.com/genre/iv;https://www.javbus.com/genre/k5
按摩,practice,玩法,Practices,uncensored,uncensored:6w,https://www.javbus.com/uncensored/genre/6w
按摩棒,practice,玩法,Practices,censored,censored:6,https://www.javbus.com/genre/6
綁縛,practice,玩法,Practices,uncensored,uncensored:gre134,https://www.javbus.com/uncensored/genre/gre134
暴露,practice,玩法,Practices,uncensored,uncensored:we,https://www.javbus.com/uncensored/genre/we
鞭打,practice,玩法,Practices,uncensored,uncensored:15z,https://www.javbus.com/uncensored/genre/15z
便利店,practice,玩法,Practices,uncensored,uncensored:rk,https://www.javbus.com/uncensored/genre/rk
變態遊戲,practice,玩法,Practices,uncensored,uncensored:wo,https://www.javbus.com/uncensored/genre/wo
踩踏,practice,玩法,Practices,uncensored,uncensored:gre141,https://www.javbus.com/uncensored/genre/gre141
插兩根,practice,玩法,Practices,uncensored,uncensored:11l,https://www.javbus.com/uncensored/genre/11l
插入異物,practice,玩法,Practices,censored,censored:3h,https://www.javbus.com/genre/3h
車震,practice,玩法,Practices,uncensored,uncensored:2g,https://www.javbus.com/uncensored/genre/2g
扯破連褲襪,practice,玩法,Practices,uncensored,uncensored:117,https://www.javbus.com/uncensored/genre/117
催眠,practice,玩法,Practices,censored,censored:4b,https://www.javbus.com/genre/4b
搭訕,practice,玩法,Practices,uncensored,uncensored:w,https://www.javbus.com/uncensored/genre/w
打屁股,practice,玩法,Practices,uncensored,uncensored:10u,https://www.javbus.com/uncensored/genre/10u
大便,practice,玩法,Practices,uncensored,uncensored:10q,https://www.javbus.com/uncensored/genre/10q
電動按摩器,practice,玩法,Practices,uncensored,uncensored:gre120,https://www.javbus.com/uncensored/genre/gre120
電話,practice,玩法,Practices,uncensored,uncensored:gre137,https://www.javbus.com/uncensored/genre/gre137
電鑽,practice,玩法,Practices,uncensored,uncensored:12u,https://www.javbus.com/uncensored/genre/12u
調教,practice,玩法,Practices,uncensored,uncensored:6t,https://www.javbus.com/uncensored/genre/6t
多P,practice,玩法,Practices,censored;uncensored,censored:3;uncensored:gre126,https://www.javbus.com/genre/3;https://www.javbus.com/uncensored/genre/gre126
惡作劇,practice,玩法,Practices,uncensored,uncensored:m3,https://www.javbus.com/uncensored/genre/m3
糞便,practice,玩法,Practices,censored,censored:1a,https://www.javbus.com/genre/1a
肛門,practice,玩法,Practices,uncensored,uncensored:gre124,https://www.javbus.com/uncensored/genre/gre124
公寓,practice,玩法,Practices,uncensored,uncensored:gre138,https://www.javbus.com/uncensored/genre/gre138
灌腸,practice,玩法,Practices,censored;uncensored,censored:2u;uncensored:10w,https://www.javbus.com/genre/2u;https://www.javbus.com/uncensored/genre/10w
灌入精液,practice,玩法,Practices,uncensored,uncensored:gre132,https://www.javbus.com/uncensored/genre/gre132
喝口水,practice,玩法,Practices,uncensored,uncensored:1cv,https://www.javbus.com/uncensored/genre/1cv
假陽具,practice,玩法,Practices,censored;uncensored,censored:5y;uncensored:62,https://www.javbus.com/genre/5y;https://www.javbus.com/uncensored/genre/62
監禁,practice,玩法,Practices,censored;uncensored,censored:25;uncensored:162,https://www.javbus.com/genre/25;https://www.javbus.com/uncensored/genre/162
紧缚,practice,玩法,Practices,censored,censored:1q,https://www.javbus.com/genre/1q
緊縛,practice,玩法,Practices,censored,censored:d,https://www.javbus.com/genre/d
經期,practice,玩法,Practices,uncensored,uncensored:1b8,https://www.javbus.com/uncensored/genre/1b8
精液塗抹,practice,玩法,Practices,uncensored,uncensored:11s,https://www.javbus.com/uncensored/genre/11s
拘束,practice,玩法,Practices,censored;uncensored,censored:3p;uncensored:gre125,https://www.javbus.com/genre/3p;https://www.javbus.com/uncensored/genre/gre125
開口器,practice,玩法,Practices,uncensored,uncensored:125,https://www.javbus.com/uncensored/genre/125
蠟燭,practice,玩法,Practices,uncensored,uncensored:161,https://www.javbus.com/uncensored/genre/161
立即口交,practice,玩法,Practices,censored,censored:51,https://www.javbus.com/genre/51
凌辱,practice,玩法,Practices,censored;uncensored,censored:3s;uncensored:gre121,https://www.javbus.com/genre/3s;https://www.javbus.com/uncensored/genre/gre121
露出,practice,玩法,Practices,uncensored,uncensored:gre123,https://www.javbus.com/uncensored/genre/gre123
亂搞,practice,玩法,Practices,uncensored,uncensored:kr,https://www.javbus.com/uncensored/genre/kr
輪姦,practice,玩法,Practices,censored,censored:3m,https://www.javbus.com/genre/3m
摩擦,practice,玩法,Practices,uncensored,uncensored:b6,https://www.javbus.com/uncensored/genre/b6
逆強姦,practice,玩法,Practices,censored,censored:63,https://www.javbus.com/genre/63
奴役,practice,玩法,Practices,uncensored,uncensored:28,https://www.javbus.com/uncensored/genre/28
女體盛,practice,玩法,Practices,uncensored,uncensored:14l,https://www.javbus.com/uncensored/genre/14l
女優按摩棒,practice,玩法,Practices,censored,censored:4f,https://www.javbus.com/genre/4f
汽車性愛,practice,玩法,Practices,censored,censored:1h,https://www.javbus.com/genre/1h
強姦,practice,玩法,Practices,censored,censored:1m,https://www.javbus.com/genre/1m
乳液,practice,玩法,Practices,censored,censored:3z,https://www.javbus.com/genre/3z
潤滑劑,practice,玩法,Practices,uncensored,uncensored:gre127,https://www.javbus.com/uncensored/genre/gre127
潤滑油,practice,玩法,Practices,uncensored,uncensored:1c2,https://www.javbus.com/uncensored/genre/1c2
散步,practice,玩法,Practices,uncensored,uncensored:iz,https://www.javbus.com/uncensored/genre/iz
攝影,practice,玩法,Practices,uncensored,uncensored:gre128,https://www.javbus.com/uncensored/genre/gre128
繩子,practice,玩法,Practices,uncensored,uncensored:sl,https://www.javbus.com/uncensored/genre/sl
手銬,practice,玩法,Practices,uncensored,uncensored:zk,https://www.javbus.com/uncensored/genre/zk
受虐,practice,玩法,Practices,uncensored,uncensored:gre133,https://www.javbus.com/uncensored/genre/gre133
束縛,practice,玩法,Practices,uncensored,uncensored:22,https://www.javbus.com/uncensored/genre/22
舔耳朵,practice,玩法,Practices,uncensored,uncensored:12a,https://www.javbus.com/uncensored/genre/12a
跳蛋,practice,玩法,Practices,censored,censored:q,https://www.javbus.com/genre/q
偷窺,practice,玩法,Practices,uncensored,uncensored:gre140,https://www.javbus.com/uncensored/genre/gre140
偷拍,practice,玩法,Practices,uncensored,uncensored:gre135,https://www.javbus.com/uncensored/genre/gre135
玩具,practice,玩法,Practices,censored;uncensored,censored:14;uncensored:gre122,https://www.javbus.com/genre/14;https://www.javbus.com/uncensored/genre/gre122
無套,practice,玩法,Practices,uncensored,uncensored:gre164,https://www.javbus.com/uncensored/genre/gre164
項圈,practice,玩法,Practices,uncensored,uncensored:yk,https://www.javbus.com/uncensored/genre/yk
性愛,practice,玩法,Practices,censored,censored:5m,https://www.javbus.com/genre/5m
羞恥,practice,玩法,Practices,censored,censored:3y,https://www.javbus.com/genre/3y
懸掛,practice,玩法,Practices,uncensored,uncensored:11i,https://www.javbus.com/uncensored/genre/11i
鴨嘴,practice,玩法,Practices,censored,censored:36,https://www.javbus.com/genre/36
藥物,practice,玩法,Practices,censored,censored:1l,https://www.javbus.com/genre/1l
野外,practice,玩法,Practices,uncensored,uncensored:gre129,https://www.javbus.com/uncensored/genre/gre129
異物插入,practice,玩法,Practices,uncensored,uncensored:gre136,https://www.javbus.com/uncensored/genre/gre136
陰道放入食物,practice,玩法,Practices,uncensored,uncensored:122,https://www.javbus.com/uncensored/genre/122
陰道觀察,practice,玩法,Practices,uncensored,uncensored:gre130,https://www.javbus.com/uncensored/genre/gre130
淫語,practice,玩法,Practices,uncensored,uncensored:1o,https://www.javbus.com/uncensored/genre/1o
遠程操作,practice,玩法,Practices,uncensored,uncensored:gre139,https://www.javbus.com/uncensored/genre/gre139
振動,practice,玩法,Practices,uncensored,uncensored:6,https://www.javbus.com/uncensored/genre/6
注視,practice,玩法,Practices,uncensored,uncensored:8e,https://www.javbus.com/uncensored/genre/8e
子宮頸,practice,玩法,Practices,censored,censored:4c,https://www.javbus.com/genre/4c
SM,practice,玩法,Practices,censored;uncensored,censored:1b;uncensored:gre131,https://www.javbus.com/genre/1b;https://www.javbus.com/uncensored/genre/gre131
白領,role,角色,Role,uncensored,uncensored:18,https://www.javbus.com/uncensored/genre/18
白人,role,角色,Role,censored;uncensored,censored:2a;uncensored:gre163,https://www.javbus.com/genre/2a;https://www.javbus.com/uncensored/genre/gre163
伴侶,role,角色,Role,censored,censored:58,https://www.javbus.com/genre/58
保健室,role,角色,Role,uncensored,uncensored:r5,https://www.javbus.com/uncensored/genre/r5
播音員,role,角色,Role,uncensored,uncensored:12r,https://www.javbus.com/uncensored/genre/12r
超級女英雄,role,角色,Role,censored,censored:6f,https://www.javbus.com/genre/6f
車掌小姐,role,角色,Role,censored,censored:2o,https://www.javbus.com/genre/2o
痴女,role,角色,Role,uncensored,uncensored:gre025,https://www.javbus.com/uncensored/genre/gre025
大學生,role,角色,Role,uncensored,uncensored:5d,https://www.javbus.com/uncensored/genre/5d
蕩婦,role,角色,Role,censored,censored:10,https://www.javbus.com/genre/10
店員,role,角色,Role,uncensored,uncensored:48,https://www.javbus.com/uncensored/genre/48
動畫人物,role,角色,Role,censored,censored:64,https://www.javbus.com/genre/64
兒子,role,角色,Role,uncensored,uncensored:wc,https://www.javbus.com/uncensored/genre/wc
夫婦,role,角色,Role,uncensored,uncensored:bm,https://www.javbus.com/uncensored/genre/bm
服務生,role,角色,Role,censored,censored:7,https://www.javbus.com/genre/7
高中女生,role,角色,Role,censored,censored:b,https://www.javbus.com/genre/b
格鬥家,role,角色,Role,censored,censored:4h;censored:2q,https://www.javbus.com/genre/4h;https://www.javbus.com/genre/2q
各種職業,role,角色,Role,censored,censored:26,https://www.javbus.com/genre/26
工作人員,role,角色,Role,uncensored,uncensored:mr,https://www.javbus.com/uncensored/genre/mr
公主,role,角色,Role,censored,censored:5i,https://www.javbus.com/genre/5i
寡婦,role,角色,Role,censored;uncensored,censored:2f;uncensored:ok,https://www.javbus.com/genre/2f;https://www.javbus.com/uncensored/genre/ok
黑幫成員,role,角色,Role,censored,censored:5w,https://www.javbus.com/genre/5w
黑人,role,角色,Role,uncensored,uncensored:gre047,https://www.javbus.com/uncensored/genre/gre047
黑人演員,role,角色,Role,censored,censored:z,https://www.javbus.com/genre/z
护士,role,角色,Role,censored,censored:17,https://www.javbus.com/genre/17
護士,role,角色,Role,uncensored,uncensored:gre035,https://www.javbus.com/uncensored/genre/gre035
妓女,role,角色,Role,censored,censored:23,https://www.javbus.com/genre/23
家教,role,角色,Role,censored,censored:1c,https://www.javbus.com/genre/1c
講師,role,角色,Role,censored,censored:4s,https://www.javbus.com/genre/4s
角色扮演,role,角色,Role,uncensored,uncensored:gre026,https://www.javbus.com/uncensored/genre/gre026
教師,role,角色,Role,uncensored,uncensored:gre030,https://www.javbus.com/uncensored/genre/gre030
姐姐,role,角色,Role,censored;uncensored,censored:2w;uncensored:gre028,https://www.javbus.com/genre/2w;https://www.javbus.com/uncensored/genre/gre028
警察,role,角色,Role,uncensored,uncensored:1bx,https://www.javbus.com/uncensored/genre/1bx
看護,role,角色,Role,uncensored,uncensored:gre042,https://www.javbus.com/uncensored/genre/gre042
空中小姐,role,角色,Role,uncensored,uncensored:gre048,https://www.javbus.com/uncensored/genre/gre048
辣妹,role,角色,Role,uncensored,uncensored:3,https://www.javbus.com/uncensored/genre/3
啦啦隊,role,角色,Role,uncensored,uncensored:1d3,https://www.javbus.com/uncensored/genre/1d3
老師,role,角色,Role,uncensored,uncensored:jk,https://www.javbus.com/uncensored/genre/jk
鄰居,role,角色,Role,uncensored,uncensored:pk,https://www.javbus.com/uncensored/genre/pk
蘿莉,role,角色,Role,uncensored,uncensored:gre027,https://www.javbus.com/uncensored/genre/gre027
媽媽,role,角色,Role,uncensored,uncensored:gre036,https://www.javbus.com/uncensored/genre/gre036
美容師,role,角色,Role,uncensored,uncensored:8d,https://www.javbus.com/uncensored/genre/8d
美少女,role,角色,Role,censored,censored:30,https://www.javbus.com/genre/30
秘書,role,角色,Role,censored;uncensored,censored:32;uncensored:ct,https://www.javbus.com/genre/32;https://www.javbus.com/uncensored/genre/ct
面具男,role,角色,Role,uncensored,uncensored:11x,https://www.javbus.com/uncensored/genre/11x
明星,role,角色,Role,uncensored,uncensored:o4,https://www.javbus.com/uncensored/genre/o4
明星臉,role,角色,Role,censored,censored:39,https://www.javbus.com/genre/39
模特,role,角色,Role,uncensored,uncensored:gre029,https://www.javbus.com/uncensored/genre/gre029
模特兒,role,角色,Role,censored,censored:34,https://www.javbus.com/genre/34
魔法少女,role,角色,Role,censored,censored:5r,https://www.javbus.com/genre/5r
魔女,role,角色,Role,uncensored,uncensored:9a,https://www.javbus.com/uncensored/genre/9a
母親,role,角色,Role,censored,censored:1k,https://www.javbus.com/genre/1k
奶奶,role,角色,Role,uncensored,uncensored:1a1,https://www.javbus.com/uncensored/genre/1a1
男友,role,角色,Role,uncensored,uncensored:gre034,https://www.javbus.com/uncensored/genre/gre034
年輕人妻,role,角色,Role,uncensored,uncensored:gre040,https://www.javbus.com/uncensored/genre/gre040
女大學生,role,角色,Role,censored,censored:1x,https://www.javbus.com/genre/1x
女檢察官,role,角色,Role,censored,censored:3o,https://www.javbus.com/genre/3o
女教師,role,角色,Role,censored;uncensored,censored:1n;uncensored:gre039,https://www.javbus.com/genre/1n;https://www.javbus.com/uncensored/genre/gre039
女僕,role,角色,Role,uncensored,uncensored:13,https://www.javbus.com/uncensored/genre/13
女生,role,角色,Role,censored,censored:p,https://www.javbus.com/genre/p
女王,role,角色,Role,uncensored,uncensored:gre158,https://www.javbus.com/uncensored/genre/gre158
女醫生,role,角色,Role,censored,censored:27,https://www.javbus.com/genre/27
女主播,role,角色,Role,censored,censored:c,https://www.javbus.com/genre/c
女主人、女老板,role,角色,Role,censored,censored:38,https://www.javbus.com/genre/38
偶像,role,角色,Role,uncensored,uncensored:1y,https://www.javbus.com/uncensored/genre/1y
朋友,role,角色,Role,uncensored,uncensored:18t,https://www.javbus.com/uncensored/genre/18t
婆婆,role,角色,Role,censored,censored:4l,https://www.javbus.com/genre/4l
旗袍,role,角色,Role,uncensored,uncensored:gre160,https://www.javbus.com/uncensored/genre/gre160
千金小姐,role,角色,Role,censored,censored:2b,https://www.javbus.com/genre/2b
親人,role,角色,Role,uncensored,uncensored:1co,https://www.javbus.com/uncensored/genre/1co
情人,role,角色,Role,uncensored,uncensored:2r,https://www.javbus.com/uncensored/genre/2r
人妻,role,角色,Role,uncensored,uncensored:gre024,https://www.javbus.com/uncensored/genre/gre024
人妖,role,角色,Role,uncensored,uncensored:2e,https://www.javbus.com/uncensored/genre/2e
賽車女郎,role,角色,Role,censored,censored:21,https://www.javbus.com/genre/21
色狼,role,角色,Role,uncensored,uncensored:gre044,https://www.javbus.com/uncensored/genre/gre044
上司,role,角色,Role,uncensored,uncensored:43,https://www.javbus.com/uncensored/genre/43
少女,role,角色,Role,uncensored,uncensored:gre032,https://www.javbus.com/uncensored/genre/gre032
視訊小姐,role,角色,Role,uncensored,uncensored:3r,https://www.javbus.com/uncensored/genre/3r
熟女,role,角色,Role,uncensored,uncensored:gre022,https://www.javbus.com/uncensored/genre/gre022
睡眠系,role,角色,Role,uncensored,uncensored:165,https://www.javbus.com/uncensored/genre/165
素人,role,角色,Role,uncensored,uncensored:gre023,https://www.javbus.com/uncensored/genre/gre023
同事,role,角色,Role,uncensored,uncensored:m8,https://www.javbus.com/uncensored/genre/m8
童年朋友,role,角色,Role,censored,censored:5k,https://www.javbus.com/genre/5k
兔女郎,role,角色,Role,uncensored,uncensored:gre161,https://www.javbus.com/uncensored/genre/gre161
外觀相似,role,角色,Role,uncensored,uncensored:gre043,https://www.javbus.com/uncensored/genre/gre043
西裝,role,角色,Role,uncensored,uncensored:gre159,https://www.javbus.com/uncensored/genre/gre159
小姐,role,角色,Role,uncensored,uncensored:ad,https://www.javbus.com/uncensored/genre/ad
新婚,role,角色,Role,uncensored,uncensored:gre046,https://www.javbus.com/uncensored/genre/gre046
新娘、年輕妻子,role,角色,Role,censored,censored:2z,https://www.javbus.com/genre/2z
新手,role,角色,Role,uncensored,uncensored:gre033,https://www.javbus.com/uncensored/genre/gre033
學生,role,角色,Role,uncensored,uncensored:gre031,https://www.javbus.com/uncensored/genre/gre031
學生（其他）,role,角色,Role,censored,censored:65,https://www.javbus.com/genre/65
亞洲女演員,role,角色,Role,censored,censored:5f,https://www.javbus.com/genre/5f
醫生,role,角色,Role,uncensored,uncensored:gre045,https://www.javbus.com/uncensored/genre/gre045
已婚婦女,role,角色,Role,censored,censored:29,https://www.javbus.com/genre/29
遊戲的真人版,role,角色,Role,censored,censored:6c,https://www.javbus.com/genre/6c
岳母,role,角色,Role,uncensored,uncensored:sv,https://www.javbus.com/uncensored/genre/sv
孕婦,role,角色,Role,uncensored,uncensored:gre038,https://www.javbus.com/uncensored/genre/gre038
運動系,role,角色,Role,uncensored,uncensored:gre155,https://www.javbus.com/uncensored/genre/gre155
展場女孩,role,角色,Role,censored,censored:1v,https://www.javbus.com/genre/1v
丈夫,role,角色,Role,uncensored,uncensored:yg,https://www.javbus.com/uncensored/genre/yg
職員,role,角色,Role,uncensored,uncensored:gre041,https://www.javbus.com/uncensored/genre/gre041
主婦,role,角色,Role,uncensored,uncensored:gre037,https://www.javbus.com/uncensored/genre/gre037
AV女優,role,角色,Role,uncensored,uncensored:c,https://www.javbus.com/uncensored/genre/c
S級女優,role,角色,Role,uncensored,uncensored:1av,https://www.javbus.com/uncensored/genre/1av
愛情旅館,scene,场景,Scene,uncensored,uncensored:gre145,https://www.javbus.com/uncensored/genre/gre145
辦公室,scene,场景,Scene,uncensored,uncensored:59,https://www.javbus.com/uncensored/genre/59
別墅,scene,场景,Scene,uncensored,uncensored:9p,https://www.javbus.com/uncensored/genre/9p
廁所,scene,场景,Scene,uncensored,uncensored:gre149,https://www.javbus.com/uncensored/genre/gre149
車,scene,场景,Scene,uncensored,uncensored:30,https://www.javbus.com/uncensored/genre/30
車內,scene,场景,Scene,uncensored,uncensored:gre146,https://www.javbus.com/uncensored/genre/gre146
廚房,scene,场景,Scene,uncensored,uncensored:h1,https://www.javbus.com/uncensored/genre/h1
床,scene,场景,Scene,uncensored,uncensored:103,https://www.javbus.com/uncensored/genre/103
大街,scene,场景,Scene,uncensored,uncensored:hb,https://www.javbus.com/uncensored/genre/hb
地下室,scene,场景,Scene,uncensored,uncensored:13k,https://www.javbus.com/uncensored/genre/13k
電梯,scene,场景,Scene,uncensored,uncensored:5e,https://www.javbus.com/uncensored/genre/5e
房間,scene,场景,Scene,uncensored,uncensored:gre144,https://www.javbus.com/uncensored/genre/gre144
附近,scene,场景,Scene,uncensored,uncensored:he,https://www.javbus.com/uncensored/genre/he
公共廁所,scene,场景,Scene,uncensored,uncensored:zj,https://www.javbus.com/uncensored/genre/zj
公交車,scene,场景,Scene,uncensored,uncensored:o8,https://www.javbus.com/uncensored/genre/o8
公司,scene,场景,Scene,uncensored,uncensored:4z,https://www.javbus.com/uncensored/genre/4z
公園,scene,场景,Scene,uncensored,uncensored:4m,https://www.javbus.com/uncensored/genre/4m
和室,scene,场景,Scene,uncensored,uncensored:6f,https://www.javbus.com/uncensored/genre/6f
家中,scene,场景,Scene,uncensored,uncensored:e7,https://www.javbus.com/uncensored/genre/e7
教室,scene,场景,Scene,uncensored,uncensored:7j,https://www.javbus.com/uncensored/genre/7j
酒店,scene,场景,Scene,uncensored,uncensored:2o,https://www.javbus.com/uncensored/genre/2o
牢籠,scene,场景,Scene,uncensored,uncensored:11w,https://www.javbus.com/uncensored/genre/11w
樓梯,scene,场景,Scene,uncensored,uncensored:wj,https://www.javbus.com/uncensored/genre/wj
旅館,scene,场景,Scene,uncensored,uncensored:7w,https://www.javbus.com/uncensored/genre/7w
門口,scene,场景,Scene,uncensored,uncensored:po,https://www.javbus.com/uncensored/genre/po
密室,scene,场景,Scene,uncensored,uncensored:6e,https://www.javbus.com/uncensored/genre/6e
農村,scene,场景,Scene,uncensored,uncensored:fz,https://www.javbus.com/uncensored/genre/fz
拍攝現場,scene,场景,Scene,uncensored,uncensored:vf,https://www.javbus.com/uncensored/genre/vf
沙發,scene,场景,Scene,uncensored,uncensored:gre147,https://www.javbus.com/uncensored/genre/gre147
榻榻米,scene,场景,Scene,uncensored,uncensored:gre152,https://www.javbus.com/uncensored/genre/gre152
溫泉,scene,场景,Scene,uncensored,uncensored:gre150,https://www.javbus.com/uncensored/genre/gre150
屋頂,scene,场景,Scene,uncensored,uncensored:wh,https://www.javbus.com/uncensored/genre/wh
學校,scene,场景,Scene,uncensored,uncensored:7k,https://www.javbus.com/uncensored/genre/7k
陽台,scene,场景,Scene,uncensored,uncensored:140,https://www.javbus.com/uncensored/genre/140
醫院,scene,场景,Scene,uncensored,uncensored:gre151,https://www.javbus.com/uncensored/genre/gre151
游泳池,scene,场景,Scene,uncensored,uncensored:3a,https://www.javbus.com/uncensored/genre/3a
浴室,scene,场景,Scene,uncensored,uncensored:gre148,https://www.javbus.com/uncensored/genre/gre148
住宅,scene,场景,Scene,uncensored,uncensored:zu,https://www.javbus.com/uncensored/genre/zu
桌子,scene,场景,Scene,uncensored,uncensored:x4,https://www.javbus.com/uncensored/genre/x4
10枚組,theme,主题,Theme,censored,censored:6h,https://www.javbus.com/genre/6h
16時間以上作品,theme,主题,Theme,censored,censored:6n,https://www.javbus.com/genre/6n
保守,theme,主题,Theme,uncensored,uncensored:bk,https://www.javbus.com/uncensored/genre/bk
變態,theme,主题,Theme,uncensored,uncensored:29,https://www.javbus.com/uncensored/genre/29
不忠,theme,主题,Theme,uncensored,uncensored:gre016,https://www.javbus.com/uncensored/genre/gre016
殘忍畫面,theme,主题,Theme,censored,censored:3x,https://www.javbus.com/genre/3x
出差,theme,主题,Theme,uncensored,uncensored:eu,https://www.javbus.com/uncensored/genre/eu
出軌,theme,主题,Theme,censored,censored:4r,https://www.javbus.com/genre/4r
處男,theme,主题,Theme,censored,censored:52,https://www.javbus.com/genre/52
處女,theme,主题,Theme,censored,censored:41,https://www.javbus.com/genre/41
處女作,theme,主题,Theme,uncensored,uncensored:t9,https://www.javbus.com/uncensored/genre/t9
觸手,theme,主题,Theme,censored,censored:59,https://www.javbus.com/genre/59
粗暴,theme,主题,Theme,censored,censored:3r,https://www.javbus.com/genre/3r
倒追,theme,主题,Theme,censored,censored:37,https://www.javbus.com/genre/37
第一視角,theme,主题,Theme,uncensored,uncensored:gre001,https://www.javbus.com/uncensored/genre/gre001
動画,theme,主题,Theme,censored,censored:6q,https://www.javbus.com/genre/6q
惡作劇,theme,主题,Theme,censored,censored:3v,https://www.javbus.com/genre/3v
煩惱,theme,主题,Theme,uncensored,uncensored:xx,https://www.javbus.com/uncensored/genre/xx
訪問,theme,主题,Theme,uncensored,uncensored:19o,https://www.javbus.com/uncensored/genre/19o
服侍,theme,主题,Theme,uncensored,uncensored:nc,https://www.javbus.com/uncensored/genre/nc
高清,theme,主题,Theme,uncensored,uncensored:hd,https://www.javbus.com/uncensored/genre/hd
高手,theme,主题,Theme,uncensored,uncensored:u4,https://www.javbus.com/uncensored/genre/u4
勾引,theme,主题,Theme,uncensored,uncensored:gre019,https://www.javbus.com/uncensored/genre/gre019
購物,theme,主题,Theme,uncensored,uncensored:17g,https://www.javbus.com/uncensored/genre/17g
鬼混,theme,主题,Theme,uncensored,uncensored:ui,https://www.javbus.com/uncensored/genre/ui
跪求,theme,主题,Theme,uncensored,uncensored:7d,https://www.javbus.com/uncensored/genre/7d
汗だく,theme,主题,Theme,censored,censored:6w,https://www.javbus.com/genre/6w
喝酒,theme,主题,Theme,uncensored,uncensored:gre012,https://www.javbus.com/uncensored/genre/gre012
花癡,theme,主题,Theme,censored,censored:2t,https://www.javbus.com/genre/2t
幻想,theme,主题,Theme,uncensored,uncensored:gre008,https://www.javbus.com/uncensored/genre/gre008
婚禮,theme,主题,Theme,uncensored,uncensored:8i,https://www.javbus.com/uncensored/genre/8i
尖叫,theme,主题,Theme,uncensored,uncensored:gre013,https://www.javbus.com/uncensored/genre/gre013
檢查,theme,主题,Theme,uncensored,uncensored:gre017,https://www.javbus.com/uncensored/genre/gre017
姐妹,theme,主题,Theme,censored,censored:3e,https://www.javbus.com/genre/3e
借款,theme,主题,Theme,uncensored,uncensored:gre015,https://www.javbus.com/uncensored/genre/gre015
巨尻,theme,主题,Theme,censored,censored:6r,https://www.javbus.com/genre/6r
劇情,theme,主题,Theme,uncensored,uncensored:gre004,https://www.javbus.com/uncensored/genre/gre004
科幻,theme,主题,Theme,censored,censored:61,https://www.javbus.com/genre/61
爛醉如泥的,theme,主题,Theme,censored,censored:40,https://www.javbus.com/genre/40
戀乳癖,theme,主题,Theme,censored,censored:2d,https://www.javbus.com/genre/2d
戀腿癖,theme,主题,Theme,censored,censored:2x,https://www.javbus.com/genre/2x
戀物癖,theme,主题,Theme,uncensored,uncensored:bd,https://www.javbus.com/uncensored/genre/bd
獵豔,theme,主题,Theme,censored,censored:1e,https://www.javbus.com/genre/1e
淋浴,theme,主题,Theme,uncensored,uncensored:3q,https://www.javbus.com/uncensored/genre/3q
旅行,theme,主题,Theme,uncensored,uncensored:gre010,https://www.javbus.com/uncensored/genre/gre010
亂倫,theme,主题,Theme,censored,censored:20,https://www.javbus.com/genre/20
蠻橫嬌羞,theme,主题,Theme,censored,censored:57,https://www.javbus.com/genre/57
美容院,theme,主题,Theme,censored,censored:44,https://www.javbus.com/genre/44
秘密,theme,主题,Theme,uncensored,uncensored:y2,https://www.javbus.com/uncensored/genre/y2
密會,theme,主题,Theme,uncensored,uncensored:v6,https://www.javbus.com/uncensored/genre/v6
面試,theme,主题,Theme,uncensored,uncensored:gre011,https://www.javbus.com/uncensored/genre/gre011
敏感,theme,主题,Theme,uncensored,uncensored:8y,https://www.javbus.com/uncensored/genre/8y
男同性恋,theme,主题,Theme,censored,censored:2r,https://www.javbus.com/genre/2r
女同接吻,theme,主题,Theme,censored,censored:4a,https://www.javbus.com/genre/4a
女同性戀,theme,主题,Theme,censored,censored:1d,https://www.javbus.com/genre/1d
女優ベスト・総集編,theme,主题,Theme,censored,censored:6i,https://www.javbus.com/genre/6i
偶像藝人,theme,主题,Theme,censored,censored:1u,https://www.javbus.com/genre/1u
嘔吐,theme,主题,Theme,censored,censored:5g,https://www.javbus.com/genre/5g
騙奸,theme,主题,Theme,uncensored,uncensored:164,https://www.javbus.com/uncensored/genre/164
其他,theme,主题,Theme,censored,censored:2y,https://www.javbus.com/genre/2y
其他戀物癖,theme,主题,Theme,censored,censored:1y,https://www.javbus.com/genre/1y
企畫,theme,主题,Theme,censored,censored:11,https://www.javbus.com/genre/11
情侶,theme,主题,Theme,censored,censored:2e,https://www.javbus.com/genre/2e
求職,theme,主题,Theme,uncensored,uncensored:7g,https://www.javbus.com/uncensored/genre/7g
日焼け,theme,主题,Theme,censored,censored:6t,https://www.javbus.com/genre/6t
瘙癢,theme,主题,Theme,censored,censored:4e,https://www.javbus.com/genre/4e
舌頭,theme,主题,Theme,uncensored,uncensored:8q,https://www.javbus.com/uncensored/genre/8q
時間停止,theme,主题,Theme,censored,censored:7w,https://www.javbus.com/genre/7w
實拍,theme,主题,Theme,uncensored,uncensored:gre006,https://www.javbus.com/uncensored/genre/gre006
首次,theme,主题,Theme,uncensored,uncensored:gre003,https://www.javbus.com/uncensored/genre/gre003
雙性人,theme,主题,Theme,censored,censored:3d,https://www.javbus.com/genre/3d
順從,theme,主题,Theme,uncensored,uncensored:1cu,https://www.javbus.com/uncensored/genre/1cu
送貨上門,theme,主题,Theme,uncensored,uncensored:pm,https://www.javbus.com/uncensored/genre/pm
特典あり（AVベースボール）,theme,主题,Theme,censored,censored:7u,https://www.javbus.com/genre/7u
跳舞,theme,主题,Theme,censored,censored:3c,https://www.javbus.com/genre/3c
通姦,theme,主题,Theme,censored;uncensored,censored:3g;uncensored:yz,https://www.javbus.com/genre/3g;https://www.javbus.com/uncensored/genre/yz
同性戀,theme,主题,Theme,uncensored,uncensored:gre007,https://www.javbus.com/uncensored/genre/gre007
偷窥,theme,主题,Theme,censored,censored:2v,https://www.javbus.com/genre/2v
推薦作品,theme,主题,Theme,uncensored,uncensored:1bc,https://www.javbus.com/uncensored/genre/1bc
推銷,theme,主题,Theme,uncensored,uncensored:gre021,https://www.javbus.com/uncensored/genre/gre021
外遇,theme,主题,Theme,uncensored,uncensored:ee,https://www.javbus.com/uncensored/genre/ee
妄想,theme,主题,Theme,censored,censored:3w,https://www.javbus.com/genre/3w
温泉,theme,主题,Theme,censored,censored:6j,https://www.javbus.com/genre/6j
問卷,theme,主题,Theme,uncensored,uncensored:gc,https://www.javbus.com/uncensored/genre/gc
問題,theme,主题,Theme,uncensored,uncensored:vn,https://www.javbus.com/uncensored/genre/vn
洗澡,theme,主题,Theme,uncensored,uncensored:gre002,https://www.javbus.com/uncensored/genre/gre002
下流,theme,主题,Theme,uncensored,uncensored:ap,https://www.javbus.com/uncensored/genre/ap
新年,theme,主题,Theme,uncensored,uncensored:gre014,https://www.javbus.com/uncensored/genre/gre014
新人,theme,主题,Theme,uncensored,uncensored:gre020,https://www.javbus.com/uncensored/genre/gre020
性伴侶,theme,主题,Theme,uncensored,uncensored:7z,https://www.javbus.com/uncensored/genre/7z
性感的,theme,主题,Theme,censored,censored:49,https://www.javbus.com/genre/49
性奴,theme,主题,Theme,censored,censored:3b,https://www.javbus.com/genre/3b
性騷擾,theme,主题,Theme,censored,censored:35,https://www.javbus.com/genre/35
羞恥,theme,主题,Theme,uncensored,uncensored:gre018,https://www.javbus.com/uncensored/genre/gre018
學校作品,theme,主题,Theme,censored,censored:3t,https://www.javbus.com/genre/3t
壓力,theme,主题,Theme,uncensored,uncensored:e5,https://www.javbus.com/uncensored/genre/e5
眼淚,theme,主题,Theme,uncensored,uncensored:12d,https://www.javbus.com/uncensored/genre/12d
野外・露出,theme,主题,Theme,censored,censored:1i,https://www.javbus.com/genre/1i
淫蕩,theme,主题,Theme,uncensored,uncensored:gre009,https://www.javbus.com/uncensored/genre/gre009
淫語,theme,主题,Theme,uncensored,uncensored:1cw,https://www.javbus.com/uncensored/genre/1cw
誘惑,theme,主题,Theme,uncensored,uncensored:6p,https://www.javbus.com/uncensored/genre/6p
慾求不滿,theme,主题,Theme,uncensored,uncensored:au,https://www.javbus.com/uncensored/genre/au
原作コラボ,theme,主题,Theme,censored,censored:6l,https://www.javbus.com/genre/6l
願望,theme,主题,Theme,uncensored,uncensored:8w,https://www.javbus.com/uncensored/genre/8w
約會,theme,主题,Theme,uncensored,uncensored:gre005,https://www.javbus.com/uncensored/genre/gre005
孕ませ,theme,主题,Theme,censored,censored:7i,https://www.javbus.com/genre/7i
運動,theme,主题,Theme,censored,censored:4d,https://www.javbus.com/genre/4d
再會,theme,主题,Theme,uncensored,uncensored:vr,https://www.javbus.com/uncensored/genre/vr
早漏,theme,主题,Theme,censored,censored:6u,https://www.javbus.com/genre/6u
折磨,theme,主题,Theme,censored,censored:62,https://www.javbus.com/genre/62
正太控,theme,主题,Theme,censored,censored:4y,https://www.javbus.com/genre/4y
主動,theme,主题,Theme,uncensored,uncensored:jm,https://www.javbus.com/uncensored/genre/jm
住一宿,theme,主题,Theme,uncensored,uncensored:wd,https://www.javbus.com/uncensored/genre/wd
字幕,theme,主题,Theme,uncensored,uncensored:sub,https://www.javbus.com/uncensored/genre/sub
做家務,theme,主题,Theme,uncensored,uncensored:sb,https://www.javbus.com/uncensored/genre/sb
Don Cipote's choice,theme,主题,Theme,censored,censored:7c,https://www.javbus.com/genre/7c
M男,theme,主题,Theme,censored,censored:6k,https://www.javbus.com/genre/6k
Vシネマ,theme,主题,Theme,censored,censored:7d,https://www.javbus.com/genre/7d
アクション,theme,主题,Theme,censored,censored:7g,https://www.javbus.com/genre/7g
アニメ,theme,主题,Theme,censored,censored:7f,https://www.javbus.com/genre/7f
イメージビデオ（男性）,theme,主题,Theme,censored,censored:7h,https://www.javbus.com/genre/7h
キス・接吻,theme,主题,Theme,censored,censored:6v,https://www.javbus.com/genre/6v
コミック雑誌,theme,主题,Theme,censored,censored:7v,https://www.javbus.com/genre/7v
スマホ専用縦動画,theme,主题,Theme,censored,censored:77,https://www.javbus.com/genre/77
デカチン・巨根,theme,主题,Theme,censored,censored:6o,https://www.javbus.com/genre/6o
ハーレム,theme,主题,Theme,censored,censored:6s,https://www.javbus.com/genre/6s
ビッチ,theme,主题,Theme,censored,censored:7t,https://www.javbus.com/genre/7t
ファン感謝・訪問,theme,主题,Theme,censored,censored:6p,https://www.javbus.com/genre/6p
ブルマ,theme,主题,Theme,uncensored,uncensored:gre153,https://www.javbus.com/uncensored/genre/gre153
ボーイズラブ,theme,主题,Theme,censored,censored:7j,https://www.javbus.com/genre/7j
