canonicalId,sourceId,idSource,idStatus,ja,zh-CN,en,sources,note
uniform,3i,,legacy-unscoped,制服,制服,Uniform,avsox;jav321;javbus;javlib,
uniform,tags?c3=58,javdb,provider-scoped-legacy-filter,Uniform,制服,Uniform,javdb,
office_lady,tags?c3=114,javdb,provider-scoped-legacy-filter,OL,白领,OL,avsox;jav321;javbus;javdb;javlib,
married_woman,uncensored-gre024,,legacy-unscoped,人妻,人妻,人妻,avsox;jav321;javbus;javlib,
married_woman,uncensored?c3=87,javdb,provider-scoped-legacy-filter,Married woman,人妻,Married woman,javdb,
mature,13,,legacy-unscoped,熟女,熟女,Mature Woman,jav321;javbus;javlib,
mature,tags?c4=15,javdb,provider-scoped-legacy-filter,Mature Woman,熟女,Mature Woman,javdb,
amateur,uncensored-gre023,,legacy-unscoped,素人,素人,素人,avsox;jav321;javbus;javlib,
amateur,tags?c7=88,javdb,provider-scoped-legacy-filter,Amateur,业余,Amateur,javdb,
big_bust,e,javbus,verified-public-api,巨乳,巨乳,Big Tits,avsox;jav321;javbus;javlib,"JAVBus API public example returns genres[{id:""e"", name:""巨乳""}]."
big_bust,tags?c4=17,javdb,provider-scoped-legacy-filter,Big Tits,巨乳,Big Tits,javdb,
small_bust,t,,legacy-unscoped,貧乳・微乳,贫乳・微乳,Small Tits,jav321;javbus,
small_bust,western?c1=2,javdb,provider-scoped-legacy-filter,Small Tits,贫乳,Small Tits,javdb,
slender,1f,,legacy-unscoped,スレンダー,苗条,Slender,avsox;jav321;javbus;javlib,
slender,tags?c4=65,javdb,provider-scoped-legacy-filter,Slender,苗条,Slender,javdb,
cosplay,1,,legacy-unscoped,コスプレ,角色扮演,Cosplay,avsox;jav321;javbus;javlib,
cosplay,tags?c3=43,javdb,provider-scoped-legacy-filter,Cosplay,角色扮演,Cosplay,javdb,
drama,4u,,legacy-unscoped,ドラマ,戏剧,Drama,jav321;javbus;javlib,
drama,uncensored-gre004,,legacy-unscoped,ドラマ・ストーリー,剧情,Drama,avsox;javbus,
drama,tags?c7=11,javdb,provider-scoped-legacy-filter,Drama,戏剧,Drama,javdb,
documentary,2n,,legacy-unscoped,ドキュメンタリー,纪录片,Documentary,jav321;javbus,
documentary,arda,,legacy-unscoped,ドキュメント,纪录片,Documentary,javlib,
documentary,tags?c7=97,javdb,provider-scoped-legacy-filter,Documentary,纪录片,Documentary,javdb,
lesbian,1d,,legacy-unscoped,レズ,女同性恋,Lesbian,avsox;jav321;javbus;javlib,
lesbian,tags?c1=64,javdb,provider-scoped-legacy-filter,Lesbian,女同性恋,Lesbian,javdb,
beautiful_girl,30,,legacy-unscoped,美少女,美少女,Beautiful Girl,avsox;jav321;javbus;javlib,
beautiful_girl,tags?c2=5,javdb,provider-scoped-legacy-filter,Beautiful Girl,美少女,Beautiful Girl,javdb,
pov,4m,,legacy-unscoped,主観,主观视角,POV,jav321;javbus;javlib,
pov_recording,1g,,legacy-unscoped,ハメ撮り,第一人称拍摄,POV Recording,avsox;jav321;javbus;javlib,V1-25A：ハメ撮り与主観分离；来源 ID 1g 映射到 pov_recording。
pov,tags?c7=45,javdb,provider-scoped-legacy-filter,POV,第一人称摄影,POV,javdb,
squirting,1z,,legacy-unscoped,潮吹き,潮吹,Squirting,avsox;jav321;javbus;javlib,
squirting,tags?c5=68,javdb,provider-scoped-legacy-filter,Squirting,潮吹,Squirting,javdb,
blowjob,1o,,legacy-unscoped,フェラ,口交,Blowjob,avsox;jav321;javbus;javlib,
blowjob,uncensored?c2=66,javdb,provider-scoped-legacy-filter,Blowjob,口交,Blowjob,javdb,
masturbation,h,,legacy-unscoped,オナニー,自慰,Masturbation,avsox;jav321;javbus;javlib,
masturbation,western?c2=28,javdb,provider-scoped-legacy-filter,Masturbation,手淫,Masturbation,javdb,
orgasm,e3,,legacy-unscoped,アクメ・オーガズム,绝顶高潮,アクメ・オーガズム,javbus;javlib,
orgasm,tags?c1=360,javdb,provider-scoped-legacy-filter,Climax,绝顶高潮,Climax,javdb,
creampie,uncensored-gre084,,legacy-unscoped,中出し,内射,Creampie,avsox;jav321;javbus;javlib,
creampie,tags?c5=18,javdb,provider-scoped-legacy-filter,Creampie,中出,Creampie,javdb,
maid,uncensored-13,,legacy-unscoped,メイド,女仆,Maid,avsox;jav321;javbus;javlib,
maid,tags?c3=113,javdb,provider-scoped-legacy-filter,Maid,女佣,Maid,javdb,
nurse,17,,legacy-unscoped,看護婦・ナース,护士,Nurse,jav321;javbus,
nurse,uncensored-gre035,,legacy-unscoped,看護婦,护士,Nurse,avsox;javbus;javlib,
nurse,tags?c2=115,javdb,provider-scoped-legacy-filter,Nurse,护士,Nurse,javdb,
female_teacher,1n,,legacy-unscoped,女教師,女教师,Female Teacher,avsox;jav321;javbus;javlib,
female_teacher,tags?c2=158,javdb,provider-scoped-legacy-filter,Female Teacher,女教师,Female Teacher,javdb,
abuse,b4,,legacy-unscoped,凌辱,凌辱,Abuse,javlib,
abuse,tags?c6=21,javdb,provider-scoped-legacy-filter,Abuse,凌辱,Abuse,javdb,
kissing,6v,,legacy-unscoped,キス・接吻,接吻,Kiss Kiss,jav321;javbus;javlib,
kissing,tags?c5=124,javdb,provider-scoped-legacy-filter,Kiss,接吻,Kiss,javdb,
titjob,1s,,legacy-unscoped,パイズリ,乳交,Titty Fuck,avsox;jav321;javbus;javlib,
titjob,tags?c5=14,javdb,provider-scoped-legacy-filter,Titty Fuck,乳交,Titty Fuck,javdb,
cowgirl,42,,legacy-unscoped,騎乗位,骑乘位,Cowgirl,avsox;jav321;javbus;javlib,
cowgirl,tags?c5=37,javdb,provider-scoped-legacy-filter,Cowgirl,骑乘位,Cowgirl,javdb,
handjob,x,,legacy-unscoped,手コキ,打手枪,Handjob,avsox;jav321;javbus;javlib,
handjob,tags?c5=102,javdb,provider-scoped-legacy-filter,Handjob,手淫,Handjob,javdb,
facial,5,,legacy-unscoped,顔射,颜射,Facial,avsox;jav321;javbus;javlib,
facial,uncensored?c2=8,javdb,provider-scoped-legacy-filter,Facial,颜射,Facial,javdb,
cum_swallowing,u,,legacy-unscoped,ごっくん,吞精,Cum Swallowing,avsox;jav321;javbus;javlib,
anal,r,,legacy-unscoped,アナル,肛交,Anal,avsox;jav321;javbus;javlib,
anal,western?c2=23,javdb,provider-scoped-legacy-filter,Anal,肛交,Anal,javdb,
bondage,3p,,legacy-unscoped,拘束,拘束,Tied Up,avsox;jav321;javbus;javlib,
bondage,uncensored?c2=14,javdb,provider-scoped-legacy-filter,Tied up,捆绑,Tied up,javdb,
sm,tags?c6=60,javdb,provider-scoped-legacy-filter,SM,SM,SM,avsox;jav321;javbus;javdb;javlib,
voyeurism,2v,,legacy-unscoped,盗撮・のぞき,偷窥,Voyeur,jav321;javbus,
voyeurism,tags?c1=145,javdb,provider-scoped-legacy-filter,Voyeur,偷窥,Voyeur,javdb,
deep_throat,3f,javbus,verified-public-page,深喉,深喉,Deep Throat,javbus,Saved JAVBus YST-303 page exposes /genre/3f = 深喉.
impregnation,7i,javbus,verified-public-page,孕ませ,受孕题材,Impregnation,javbus,Saved JAVBus YST-303 page exposes /genre/7i = 孕ませ.
creampie,4,javbus,verified-public-page,中出,内射,Creampie,javbus,Saved JAVBus YST-303 page exposes /genre/4 = 中出.
fetish,1y,javbus,verified-public-page,其他戀物癖,其他恋物癖,Other Fetish,javbus,Saved JAVBus YST-303 page exposes /genre/1y = 其他戀物癖.
hot_spring,6j,javbus,verified-public-doc,温泉,温泉,Hot Spring,javbus,JAVOneStop public documentation records JAVBus 温泉 = genre/6j.
